"entry_i","exit_i","direction","exit_reason","ret","year","entry_date","exit_date"
111,129,-1,"Trail_SL",0.00501034163664105,2023,2023-01-31 04:30:00,2023-01-31 09:00:00
155,156,1,"SL",-0.00004,2023,2023-01-31 15:30:00,2023-01-31 15:45:00
224,233,-1,"SL",-0.00004,2023,2023-02-01 09:45:00,2023-02-01 12:00:00
246,258,-1,"TP2",0.00967983815301303,2023,2023-02-01 15:15:00,2023-02-01 18:15:00
272,341,1,"SL",-0.0105339168376402,2023,2023-02-01 21:45:00,2023-02-02 16:00:00
346,377,-1,"Trail_SL",0.0112397039698527,2023,2023-02-02 17:15:00,2023-02-03 02:00:00
418,427,1,"SL",-0.00609774019620755,2023,2023-02-03 12:15:00,2023-02-03 14:30:00
427,453,-1,"TP2",0.0118247957544837,2023,2023-02-03 14:30:00,2023-02-03 21:00:00
501,522,-1,"SL",-0.00004,2023,2023-02-06 10:00:00,2023-02-06 15:15:00
524,530,-1,"SL",-0.00004,2023,2023-02-06 15:45:00,2023-02-06 17:15:00
532,628,-1,"SL",-0.00941044177452057,2023,2023-02-06 17:45:00,2023-02-07 18:45:00
633,701,1,"Trail_SL",0.0112246020188067,2023,2023-02-07 20:00:00,2023-02-08 14:00:00
706,715,-1,"TP2",0.00975401037839505,2023,2023-02-08 15:15:00,2023-02-08 17:30:00
761,774,1,"TP2",0.00534150345212361,2023,2023-02-09 06:00:00,2023-02-09 09:15:00
786,802,1,"Trail_SL",0.00300658723635409,2023,2023-02-09 12:15:00,2023-02-09 16:15:00
805,809,-1,"SL",-0.0080598626431962,2023,2023-02-09 17:00:00,2023-02-09 18:00:00
813,845,1,"SL",-0.0102258046450283,2023,2023-02-09 19:00:00,2023-02-10 04:00:00
885,929,-1,"Trail_SL",0.0084783541309551,2023,2023-02-10 14:00:00,2023-02-13 02:00:00
929,932,-1,"SL",-0.00426146466893133,2023,2023-02-13 02:00:00,2023-02-13 02:45:00
935,954,-1,"SL",-0.0049715183776829,2023,2023-02-13 03:30:00,2023-02-13 08:15:00
956,965,1,"SL",-0.00438322154905822,2023,2023-02-13 08:45:00,2023-02-13 11:00:00
966,971,-1,"SL",-0.00528449404728669,2023,2023-02-13 11:15:00,2023-02-13 12:30:00
974,978,1,"SL",-0.00574729051758333,2023,2023-02-13 13:15:00,2023-02-13 14:15:00
984,1071,1,"SL",-0.00004,2023,2023-02-13 15:45:00,2023-02-14 14:30:00
1078,1084,1,"SL",-0.0111935491365397,2023,2023-02-14 16:15:00,2023-02-14 17:45:00
1086,1169,-1,"TP2",0.0168403024004153,2023,2023-02-14 18:15:00,2023-02-15 15:45:00
1175,1211,-1,"SL",-0.00813263190850514,2023,2023-02-15 17:15:00,2023-02-16 03:15:00
1213,1236,1,"TP2",0.00599246044061428,2023,2023-02-16 03:45:00,2023-02-16 09:30:00
1264,1301,1,"SL",-0.00004,2023,2023-02-16 16:30:00,2023-02-17 02:45:00
1313,1319,-1,"SL",-0.00004,2023,2023-02-17 05:45:00,2023-02-17 07:15:00
1331,1356,-1,"SL",-0.00715100073975037,2023,2023-02-17 10:15:00,2023-02-17 16:30:00
1358,1390,1,"SL",-0.00004,2023,2023-02-17 17:00:00,2023-02-20 02:00:00
1410,1438,1,"TP2",0.00646518320321512,2023,2023-02-20 07:00:00,2023-02-20 14:00:00
1500,1502,1,"SL",-0.00567694460729676,2023,2023-02-21 09:00:00,2023-02-21 09:30:00
1510,1515,-1,"SL",-0.00776605179184404,2023,2023-02-21 11:30:00,2023-02-21 12:45:00
1584,1599,-1,"Trail_SL",0.00509465123739063,2023,2023-02-22 07:00:00,2023-02-22 10:45:00
1632,1672,1,"SL",-0.00679724524483708,2023,2023-02-22 19:00:00,2023-02-23 06:00:00
1672,1684,-1,"TP2",0.00640493521540376,2023,2023-02-23 06:00:00,2023-02-23 09:00:00
1712,1716,-1,"TP2",0.0115500618881747,2023,2023-02-23 16:00:00,2023-02-23 17:00:00
1773,1776,-1,"SL",-0.00004,2023,2023-02-24 08:15:00,2023-02-24 09:00:00
1858,1869,-1,"SL",-0.00004,2023,2023-02-27 06:30:00,2023-02-27 09:15:00
1883,1893,1,"SL",-0.00004,2023,2023-02-27 12:45:00,2023-02-27 15:15:00
1895,1960,1,"SL",-0.00004,2023,2023-02-27 15:45:00,2023-02-28 09:00:00
1967,1988,1,"TP2",0.0119306284426092,2023,2023-02-28 10:45:00,2023-02-28 16:00:00
2031,2043,1,"SL",-0.00004,2023,2023-03-01 03:45:00,2023-03-01 06:45:00
2087,2152,1,"SL",-0.0102324342552637,2023,2023-03-01 17:45:00,2023-03-02 11:00:00
2155,2226,-1,"SL",-0.00893938313016098,2023,2023-03-02 11:45:00,2023-03-03 06:30:00
2226,2252,1,"SL",-0.00004,2023,2023-03-03 06:30:00,2023-03-03 13:00:00
2272,2300,-1,"Trail_SL",0.00775897862384742,2023,2023-03-03 18:00:00,2023-03-06 02:00:00
2334,2346,-1,"SL",-0.00004,2023,2023-03-06 11:00:00,2023-03-06 14:00:00
2354,2419,1,"SL",-0.00767438818713512,2023,2023-03-06 16:00:00,2023-03-07 09:15:00
2423,2446,-1,"TP2",0.00953273070769542,2023,2023-03-07 10:15:00,2023-03-07 16:00:00
2514,2521,-1,"SL",-0.00597864584461597,2023,2023-03-08 10:00:00,2023-03-08 11:45:00
2523,2536,1,"TP2",0.00997755801534827,2023,2023-03-08 13:00:00,2023-03-08 16:15:00
2579,2604,-1,"SL",-0.00429946333256573,2023,2023-03-09 04:00:00,2023-03-09 10:15:00
2615,2621,-1,"SL",-0.00587566798320608,2023,2023-03-09 13:00:00,2023-03-09 14:30:00
2622,2642,1,"SL",-0.00664448620310994,2023,2023-03-09 14:45:00,2023-03-09 19:45:00
2644,2693,-1,"Trail_SL",0.00762852292347446,2023,2023-03-09 20:15:00,2023-03-10 09:30:00
2711,2713,-1,"SL",-0.00665094766955661,2023,2023-03-10 14:00:00,2023-03-10 14:30:00
2719,2733,1,"SL",-0.0107859680436734,2023,2023-03-10 16:00:00,2023-03-10 19:30:00
2744,2748,-1,"SL",-0.00714898346357394,2023,2023-03-10 22:15:00,2023-03-12 23:15:00
2751,2759,1,"SL",-0.00770406004408071,2023,2023-03-13,2023-03-13 02:00:00
2767,2792,1,"SL",-0.00980608909498629,2023,2023-03-13 04:00:00,2023-03-13 10:15:00
2792,2805,-1,"TP2",0.0146686925812009,2023,2023-03-13 10:15:00,2023-03-13 13:30:00
2816,2859,1,"SL",-0.0146939094079693,2023,2023-03-13 16:15:00,2023-03-14 04:00:00
2882,2897,1,"SL",-0.00830257446615506,2023,2023-03-14 09:45:00,2023-03-14 13:30:00
2914,2981,-1,"TP2",0.0154811097965946,2023,2023-03-14 17:45:00,2023-03-15 11:30:00
3043,3053,-1,"SL",-0.00728686157254283,2023,2023-03-16 04:00:00,2023-03-16 06:30:00
3056,3061,-1,"SL",-0.00004,2023,2023-03-16 07:15:00,2023-03-16 08:30:00
3066,3080,1,"SL",-0.00908842990283212,2023,2023-03-16 09:45:00,2023-03-16 13:15:00
3085,3091,-1,"SL",-0.0103956218452391,2023,2023-03-16 14:30:00,2023-03-16 16:00:00
3091,3136,-1,"SL",-0.0125180851934763,2023,2023-03-16 16:00:00,2023-03-17 04:15:00
3156,3173,1,"SL",-0.00716002702743015,2023,2023-03-17 09:15:00,2023-03-17 13:30:00
3178,3207,-1,"SL",-0.0088723791031173,2023,2023-03-17 14:45:00,2023-03-19 23:00:00
3207,3222,1,"SL",-0.00004,2023,2023-03-19 23:00:00,2023-03-20 02:45:00
3232,3244,-1,"Trail_SL",0.0056204979399568,2023,2023-03-20 05:15:00,2023-03-20 08:15:00
3253,3311,1,"Trail_SL",0.00963930713359437,2023,2023-03-20 10:30:00,2023-03-21 02:00:00
3337,3340,1,"SL",-0.00004,2023,2023-03-21 08:30:00,2023-03-21 09:15:00
3340,3341,1,"SL",-0.00004,2023,2023-03-21 09:15:00,2023-03-21 09:30:00
3369,3385,-1,"SL",-0.00912673676113969,2023,2023-03-21 16:30:00,2023-03-21 20:30:00
3390,3409,1,"SL",-0.00471342516292717,2023,2023-03-21 21:45:00,2023-03-22 03:30:00
3411,3427,-1,"SL",-0.00427850224484655,2023,2023-03-22 04:00:00,2023-03-22 08:00:00
3438,3451,1,"Trail_SL",0.00589677451037837,2023,2023-03-22 10:45:00,2023-03-22 14:00:00
3461,3473,1,"SL",-0.00004,2023,2023-03-22 16:30:00,2023-03-22 19:30:00
3503,3515,1,"SL",-0.00004,2023,2023-03-23 04:00:00,2023-03-23 07:00:00
3525,3529,1,"SL",-0.00693955779624129,2023,2023-03-23 09:30:00,2023-03-23 10:30:00
3533,3544,-1,"SL",-0.00863308828955865,2023,2023-03-23 11:30:00,2023-03-23 14:15:00
3544,3566,1,"SL",-0.00004,2023,2023-03-23 14:15:00,2023-03-23 19:45:00
3585,3590,1,"SL",-0.00469727958709153,2023,2023-03-24 01:30:00,2023-03-24 02:45:00
3597,3613,1,"Trail_SL",0.0063761278105226,2023,2023-03-24 04:30:00,2023-03-24 08:30:00
3622,3723,-1,"SL",-0.00004,2023,2023-03-24 10:45:00,2023-03-27 14:00:00
3736,3787,1,"Trail_SL",0.00773952622759583,2023,2023-03-27 17:15:00,2023-03-28 06:45:00
3808,3827,-1,"SL",-0.00580927324964831,2023,2023-03-28 12:00:00,2023-03-28 16:45:00
3840,3864,-1,"SL",-0.00537702795264061,2023,2023-03-28 20:00:00,2023-03-29 03:00:00
3864,3868,1,"SL",-0.00275658945489088,2023,2023-03-29 03:00:00,2023-03-29 04:00:00
3873,3880,-1,"SL",-0.00004,2023,2023-03-29 05:15:00,2023-03-29 07:00:00
3898,3906,1,"TP2",0.00794405610132858,2023,2023-03-29 11:30:00,2023-03-29 13:30:00
3928,3973,-1,"SL",-0.00004,2023,2023-03-29 19:00:00,2023-03-30 07:15:00
3975,3982,1,"Trail_SL",0.00464383116474062,2023,2023-03-30 07:45:00,2023-03-30 09:30:00
4008,4025,-1,"SL",-0.00699193818307104,2023,2023-03-30 16:00:00,2023-03-30 20:15:00
4030,4057,1,"SL",-0.00454326358175929,2023,2023-03-30 21:30:00,2023-03-31 05:15:00
4057,4073,-1,"Trail_SL",0.00687024589575232,2023,2023-03-31 05:15:00,2023-03-31 09:15:00
4101,4151,1,"SL",-0.00726562340324584,2023,2023-03-31 16:15:00,2023-04-03 05:45:00
4178,4189,1,"SL",-0.00004,2023,2023-04-03 12:30:00,2023-04-03 15:15:00
4190,4196,1,"SL",-0.00569030090566731,2023,2023-04-03 15:30:00,2023-04-03 17:00:00
4230,4239,-1,"SL",-0.00004,2023,2023-04-04 02:30:00,2023-04-04 04:45:00
4259,4275,1,"SL",-0.00460630361759454,2023,2023-04-04 09:45:00,2023-04-04 13:45:00
4276,4283,-1,"TP2",0.00819672138147016,2023,2023-04-04 14:00:00,2023-04-04 15:45:00
4326,4346,-1,"SL",-0.00004,2023,2023-04-05 03:30:00,2023-04-05 08:30:00
4367,4432,1,"Trail_SL",0.00834737055082331,2023,2023-04-05 13:45:00,2023-04-06 07:00:00
4446,4461,1,"SL",-0.00494663589641461,2023,2023-04-06 10:30:00,2023-04-06 14:15:00
4467,4476,-1,"SL",-0.00698214152303879,2023,2023-04-06 15:45:00,2023-04-06 18:00:00
4483,4549,1,"SL",-0.00608149198142018,2023,2023-04-06 19:45:00,2023-04-10 13:15:00
4549,4550,-1,"SL",-0.00315716385683036,2023,2023-04-10 13:15:00,2023-04-10 13:30:00
4559,4620,-1,"SL",-0.00826047219519205,2023,2023-04-10 15:45:00,2023-04-11 08:00:00
4650,4654,1,"Trail_SL",0.0044209212689548,2023,2023-04-11 15:30:00,2023-04-11 16:30:00
4672,4714,1,"SL",-0.00489261197541723,2023,2023-04-11 21:00:00,2023-04-12 08:30:00
4744,4802,1,"SL",-0.00004,2023,2023-04-12 16:00:00,2023-04-13 07:30:00
4809,4830,1,"TP2",0.00673274956748534,2023,2023-04-13 09:15:00,2023-04-13 14:30:00
4853,4886,1,"TP2",0.0074071237550296,2023,2023-04-13 20:15:00,2023-04-14 05:30:00
4905,4920,-1,"SL",-0.00542648049882928,2023,2023-04-14 10:15:00,2023-04-14 14:00:00
4920,4929,1,"SL",-0.00571063260838847,2023,2023-04-14 14:00:00,2023-04-14 16:15:00
4930,5176,-1,"Trail_SL",0.0123838798001987,2023,2023-04-14 16:30:00,2023-04-19 09:00:00
5205,5270,1,"SL",-0.00657429731978576,2023,2023-04-19 16:15:00,2023-04-20 09:30:00
5271,5282,-1,"SL",-0.00004,2023,2023-04-20 09:45:00,2023-04-20 12:30:00
5296,5300,1,"SL",-0.00673753238896401,2023,2023-04-20 16:00:00,2023-04-20 17:00:00
5305,5364,-1,"SL",-0.00004,2023,2023-04-20 18:15:00,2023-04-21 10:00:00
5380,5389,-1,"SL",-0.00004,2023,2023-04-21 14:00:00,2023-04-21 16:15:00
5430,5453,-1,"SL",-0.00004,2023,2023-04-24 03:30:00,2023-04-24 09:15:00
5462,5468,1,"SL",-0.00454285714640516,2023,2023-04-24 11:30:00,2023-04-24 13:00:00
5472,5480,-1,"SL",-0.00524656105594837,2023,2023-04-24 14:00:00,2023-04-24 16:00:00
5481,5520,-1,"SL",-0.00004,2023,2023-04-24 16:15:00,2023-04-25 03:00:00
5530,5539,-1,"SL",-0.00004,2023,2023-04-25 05:30:00,2023-04-25 07:45:00
5542,5546,-1,"TP2",0.00592972469415069,2023,2023-04-25 08:30:00,2023-04-25 09:30:00
5630,5636,1,"SL",-0.00374768782256574,2023,2023-04-26 07:30:00,2023-04-26 09:00:00
5647,5660,-1,"SL",-0.00004,2023,2023-04-26 11:45:00,2023-04-26 15:00:00
5711,5722,-1,"SL",-0.00521603464623311,2023,2023-04-27 04:45:00,2023-04-27 07:30:00
5738,5756,-1,"SL",-0.00004,2023,2023-04-27 11:30:00,2023-04-27 16:00:00
5762,5821,1,"SL",-0.00004,2023,2023-04-27 17:30:00,2023-04-28 09:15:00
5837,5844,1,"SL",-0.00687509902782591,2023,2023-04-28 13:15:00,2023-04-28 15:00:00
5847,5855,-1,"SL",-0.00864220173455974,2023,2023-04-28 15:45:00,2023-04-28 17:45:00
5866,5932,1,"SL",-0.00004,2023,2023-04-28 20:30:00,2023-05-01 14:00:00
5961,6027,-1,"TP2",0.010160660466932,2023,2023-05-01 21:15:00,2023-05-02 14:45:00
6072,6093,-1,"Trail_SL",0.00327045445931724,2023,2023-05-03 03:00:00,2023-05-03 08:15:00
6118,6131,-1,"SL",-0.00004,2023,2023-05-03 14:30:00,2023-05-03 17:45:00
6143,6153,1,"SL",-0.00702372781533561,2023,2023-05-03 20:45:00,2023-05-04 00:15:00
6153,6161,-1,"SL",-0.00687215154668309,2023,2023-05-04 00:15:00,2023-05-04 02:15:00
6161,6170,1,"TP2",0.0097598166136409,2023,2023-05-04 02:15:00,2023-05-04 04:30:00
6209,6215,-1,"SL",-0.00004,2023,2023-05-04 14:15:00,2023-05-04 15:45:00
6269,6275,1,"SL",-0.00004,2023,2023-05-05 06:15:00,2023-05-05 07:45:00
6284,6304,-1,"SL",-0.00004,2023,2023-05-05 10:00:00,2023-05-05 15:00:00
6309,6392,1,"TP2",0.0136559058573188,2023,2023-05-05 16:15:00,2023-05-08 14:00:00
6436,6443,-1,"TP2",0.0034576023488897,2023,2023-05-09 02:00:00,2023-05-09 03:45:00
6462,6470,-1,"SL",-0.00448696506806037,2023,2023-05-09 08:30:00,2023-05-09 10:30:00
6496,6532,-1,"SL",-0.00642905512812971,2023,2023-05-09 17:00:00,2023-05-10 03:00:00
6539,6558,-1,"TP2",0.00552190316522821,2023,2023-05-10 04:45:00,2023-05-10 09:30:00
6587,6648,-1,"TP2",0.0139583401600073,2023,2023-05-10 16:45:00,2023-05-11 09:00:00
6650,6672,-1,"Trail_SL",0.0115146412720041,2023,2023-05-11 09:30:00,2023-05-11 15:00:00
6703,6717,-1,"SL",-0.00004,2023,2023-05-11 22:45:00,2023-05-12 03:15:00
6748,6770,1,"SL",-0.00004,2023,2023-05-12 11:00:00,2023-05-12 16:30:00
6815,6825,-1,"SL",-0.0054353917714323,2023,2023-05-15 04:45:00,2023-05-15 07:15:00
6827,6859,1,"SL",-0.00004,2023,2023-05-15 07:45:00,2023-05-15 15:45:00
6911,6919,-1,"Trail_SL",0.00588031638401184,2023,2023-05-16 05:45:00,2023-05-16 07:45:00
6936,6943,-1,"TP2",0.00958974378382079,2023,2023-05-16 12:00:00,2023-05-16 13:45:00
6961,7021,-1,"SL",-0.00790888195953569,2023,2023-05-16 18:15:00,2023-05-17 10:15:00
7062,7110,1,"SL",-0.00569496495690247,2023,2023-05-17 20:30:00,2023-05-18 09:30:00
7196,7216,1,"Trail_SL",0.00563796698957152,2023,2023-05-19 08:00:00,2023-05-19 13:00:00
7224,7269,1,"SL",-0.00735541664166109,2023,2023-05-19 15:00:00,2023-05-22 03:15:00
7275,7289,-1,"SL",-0.00004,2023,2023-05-22 04:45:00,2023-05-22 08:15:00
7297,7318,-1,"SL",-0.00667727821761127,2023,2023-05-22 10:15:00,2023-05-22 15:30:00
7325,7385,-1,"TP2",0.0114728134570168,2023,2023-05-22 17:15:00,2023-05-23 09:15:00
7406,7415,-1,"SL",-0.00639295161610723,2023,2023-05-23 14:30:00,2023-05-23 16:45:00
7443,7452,-1,"SL",-0.00004,2023,2023-05-24 00:45:00,2023-05-24 03:00:00
7459,7484,-1,"SL",-0.00004,2023,2023-05-24 04:45:00,2023-05-24 11:00:00
7486,7508,-1,"TP2",0.0126656492987125,2023,2023-05-24 11:30:00,2023-05-24 17:00:00
7562,7567,-1,"SL",-0.00542521858899896,2023,2023-05-25 07:30:00,2023-05-25 08:45:00
7571,7602,1,"SL",-0.00004,2023,2023-05-25 09:45:00,2023-05-25 17:30:00
7615,7654,1,"TP2",0.00942824880949102,2023,2023-05-25 20:45:00,2023-05-26 07:30:00
7704,7724,1,"SL",-0.00004,2023,2023-05-26 20:00:00,2023-05-29 02:00:00
7738,7762,1,"Trail_SL",0.0056788628981647,2023,2023-05-29 05:30:00,2023-05-29 14:15:00
7769,7818,-1,"TP2",0.00990850672667551,2023,2023-05-29 16:00:00,2023-05-30 07:45:00
7840,7846,1,"SL",-0.00004,2023,2023-05-30 13:15:00,2023-05-30 14:45:00
7863,7893,-1,"SL",-0.00004,2023,2023-05-30 19:00:00,2023-05-31 03:30:00
7898,7914,-1,"SL",-0.00531198871655378,2023,2023-05-31 04:45:00,2023-05-31 08:45:00
7921,7957,-1,"SL",-0.00771627734560497,2023,2023-05-31 10:30:00,2023-05-31 19:30:00
7957,7986,1,"SL",-0.00004,2023,2023-05-31 19:30:00,2023-06-01 03:45:00
7992,8024,1,"Trail_SL",0.00729144588882199,2023,2023-06-01 05:15:00,2023-06-01 13:15:00
8041,8106,1,"TP2",0.0130638516125222,2023,2023-06-01 17:30:00,2023-06-02 10:45:00
8131,8191,-1,"Trail_SL",0.00957810920845122,2023,2023-06-02 17:00:00,2023-06-05 09:00:00
8206,8227,1,"TP2",0.00919124617766578,2023,2023-06-05 12:45:00,2023-06-05 18:00:00
8272,8281,1,"SL",-0.00494347726149127,2023,2023-06-06 06:15:00,2023-06-06 08:30:00
8282,8284,-1,"SL",-0.00004,2023,2023-06-06 08:45:00,2023-06-06 09:15:00
8320,8359,1,"SL",-0.00004,2023,2023-06-06 18:15:00,2023-06-07 05:00:00
8372,8379,-1,"SL",-0.00458135254515486,2023,2023-06-07 08:15:00,2023-06-07 10:00:00
8380,8390,1,"SL",-0.00004,2023,2023-06-07 10:15:00,2023-06-07 12:45:00
8410,8489,-1,"SL",-0.00004,2023,2023-06-07 17:45:00,2023-06-08 14:30:00
8496,8581,1,"Trail_SL",0.00826610485213837,2023,2023-06-08 16:15:00,2023-06-09 14:30:00
8594,8654,-1,"Trail_SL",0.00925986936019606,2023,2023-06-09 17:45:00,2023-06-12 09:45:00
8680,8738,-1,"SL",-0.00758470618560871,2023,2023-06-12 16:15:00,2023-06-13 07:45:00
8785,8835,1,"SL",-0.00622614825377909,2023,2023-06-13 19:30:00,2023-06-14 09:00:00
8848,8879,1,"Trail_SL",0.00515408001165023,2023,2023-06-14 12:15:00,2023-06-14 20:00:00
8903,8920,-1,"SL",-0.00004,2023,2023-06-15 03:00:00,2023-06-15 07:15:00
8932,8952,1,"TP2",0.00832513362429861,2023,2023-06-15 10:15:00,2023-06-15 15:15:00
9004,9023,1,"SL",-0.00004,2023,2023-06-16 05:15:00,2023-06-16 10:00:00
9041,9100,-1,"Trail_SL",0.00648784886395115,2023,2023-06-16 14:30:00,2023-06-19 07:30:00
9108,9172,-1,"Trail_SL",0.00578394442530429,2023,2023-06-19 09:30:00,2023-06-20 05:00:00
9190,9212,1,"Trail_SL",0.00474972481543139,2023,2023-06-20 09:30:00,2023-06-20 15:00:00
9230,9276,1,"SL",-0.00004,2023,2023-06-20 19:30:00,2023-06-21 08:00:00
9282,9304,-1,"Trail_SL",0.00507408557176257,2023,2023-06-21 09:30:00,2023-06-21 15:00:00
9306,9310,-1,"SL",-0.006346991010471,2023,2023-06-21 15:30:00,2023-06-21 16:30:00
9347,9350,1,"SL",-0.00004,2023,2023-06-22 02:45:00,2023-06-22 03:30:00
9352,9362,1,"SL",-0.00280492261287133,2023,2023-06-22 04:00:00,2023-06-22 06:30:00
9373,9377,1,"TP2",0.00687062842038147,2023,2023-06-22 09:15:00,2023-06-22 10:15:00
9403,9464,-1,"TP2",0.0116808984155516,2023,2023-06-22 17:15:00,2023-06-23 09:30:00
9469,9484,-1,"SL",-0.00004,2023,2023-06-23 10:45:00,2023-06-23 14:30:00
9485,9501,-1,"SL",-0.00004,2023,2023-06-23 14:45:00,2023-06-23 18:45:00
9531,9546,1,"SL",-0.00397978434609874,2023,2023-06-26 03:15:00,2023-06-26 07:00:00
9550,9558,-1,"SL",-0.00472605390097417,2023,2023-06-26 08:00:00,2023-06-26 10:00:00
9559,9624,-1,"SL",-0.00004,2023,2023-06-26 10:15:00,2023-06-27 03:30:00
9628,9645,1,"Trail_SL",0.00431878988883069,2023,2023-06-27 04:30:00,2023-06-27 08:45:00
9653,9668,-1,"Trail_SL",0.00496408980748208,2023,2023-06-27 10:45:00,2023-06-27 14:30:00
9685,9757,-1,"TP2",0.00933084775610305,2023,2023-06-27 18:45:00,2023-06-28 13:45:00
9787,9807,-1,"SL",-0.00412085175742093,2023,2023-06-28 21:15:00,2023-06-29 03:15:00
9821,9834,-1,"SL",-0.00004,2023,2023-06-29 06:45:00,2023-06-29 10:00:00
9838,9858,-1,"SL",-0.00004,2023,2023-06-29 11:00:00,2023-06-29 16:00:00
9906,9922,1,"SL",-0.00444783890326838,2023,2023-06-30 05:00:00,2023-06-30 09:00:00
9948,9953,1,"SL",-0.00004,2023,2023-06-30 15:30:00,2023-06-30 16:45:00
9977,9989,1,"SL",-0.00004,2023,2023-06-30 22:45:00,2023-07-03 02:45:00
9997,10018,1,"SL",-0.0048681554551557,2023,2023-07-03 04:45:00,2023-07-03 10:00:00
10036,10059,1,"SL",-0.00004,2023,2023-07-03 14:30:00,2023-07-03 20:15:00
10060,10084,1,"SL",-0.00004,2023,2023-07-03 20:30:00,2023-07-04 03:30:00
10100,10104,-1,"SL",-0.00296587890424756,2023,2023-07-04 07:30:00,2023-07-04 08:30:00
10113,10126,-1,"SL",-0.00004,2023,2023-07-04 10:45:00,2023-07-04 14:00:00
10129,10188,-1,"Trail_SL",0.00449402470773202,2023,2023-07-04 14:45:00,2023-07-05 09:00:00
10213,10264,1,"SL",-0.00577862661729091,2023,2023-07-05 15:15:00,2023-07-06 05:00:00
10267,10279,-1,"SL",-0.00394419508548156,2023,2023-07-06 05:45:00,2023-07-06 08:45:00
10286,10298,-1,"SL",-0.00506047150445989,2023,2023-07-06 10:30:00,2023-07-06 13:30:00
10313,10364,-1,"SL",-0.0076361410174695,2023,2023-07-06 17:15:00,2023-07-07 07:00:00
10373,10379,-1,"SL",-0.00426484687325873,2023,2023-07-07 09:15:00,2023-07-07 10:45:00
10379,10389,1,"SL",-0.00004,2023,2023-07-07 10:45:00,2023-07-07 13:15:00
10394,10442,1,"Trail_SL",0.00767762422704454,2023,2023-07-07 14:30:00,2023-07-10 03:30:00
10458,10488,-1,"SL",-0.00004,2023,2023-07-10 07:30:00,2023-07-10 15:00:00
10493,10548,1,"TP2",0.00986568014204041,2023,2023-07-10 16:15:00,2023-07-11 07:00:00
10573,10580,-1,"Trail_SL",0.0043695096342904,2023,2023-07-11 13:15:00,2023-07-11 15:00:00
10629,10642,1,"SL",-0.00004,2023,2023-07-12 04:15:00,2023-07-12 07:30:00
10648,10666,-1,"SL",-0.00426766436089848,2023,2023-07-12 09:00:00,2023-07-12 13:30:00
10667,10670,1,"SL",-0.00004,2023,2023-07-12 13:45:00,2023-07-12 14:30:00
10708,10717,1,"SL",-0.00244029408425224,2023,2023-07-13 01:00:00,2023-07-13 03:15:00
10725,10731,1,"SL",-0.00004,2023,2023-07-13 05:15:00,2023-07-13 06:45:00
10734,10756,1,"TP2",0.00731688716537732,2023,2023-07-13 07:30:00,2023-07-13 13:00:00
10834,10846,-1,"SL",-0.00471019722042011,2023,2023-07-14 09:30:00,2023-07-14 12:30:00
10857,10888,1,"SL",-0.0053249533665023,2023,2023-07-14 15:15:00,2023-07-17
10900,10902,-1,"SL",-0.00004,2023,2023-07-17 03:00:00,2023-07-17 03:30:00
10950,10955,-1,"SL",-0.00622834415403002,2023,2023-07-17 15:30:00,2023-07-17 16:45:00
10988,10993,-1,"SL",-0.00234619344892519,2023,2023-07-18 02:00:00,2023-07-18 03:15:00
11004,11012,1,"SL",-0.0037986233353448,2023,2023-07-18 06:00:00,2023-07-18 08:00:00
11018,11020,-1,"SL",-0.00004,2023,2023-07-18 09:30:00,2023-07-18 10:00:00
11022,11040,-1,"SL",-0.00004,2023,2023-07-18 10:30:00,2023-07-18 15:00:00
11048,11098,1,"SL",-0.00612688072187006,2023,2023-07-18 17:00:00,2023-07-19 06:30:00
11105,11120,-1,"Trail_SL",0.00438409271975764,2023,2023-07-19 08:15:00,2023-07-19 12:00:00
11146,11180,1,"Trail_SL",0.00645334537159824,2023,2023-07-19 18:30:00,2023-07-20 04:00:00
11207,11229,1,"SL",-0.00636379781659254,2023,2023-07-20 10:45:00,2023-07-20 16:15:00
11233,11270,-1,"SL",-0.00004,2023,2023-07-20 17:15:00,2023-07-21 03:30:00
11274,11294,1,"SL",-0.00004,2023,2023-07-21 04:30:00,2023-07-21 09:30:00
11299,11302,-1,"SL",-0.00004,2023,2023-07-21 10:45:00,2023-07-21 11:30:00
11324,11384,-1,"SL",-0.00004,2023,2023-07-21 17:00:00,2023-07-24 09:00:00
11401,11405,1,"SL",-0.00644624962746061,2023,2023-07-24 13:15:00,2023-07-24 14:15:00
11409,11414,1,"SL",-0.00004,2023,2023-07-24 15:15:00,2023-07-24 16:30:00
11414,11471,1,"TP2",0.0118786352726982,2023,2023-07-24 16:30:00,2023-07-25 07:45:00
11512,11558,1,"SL",-0.00626357869393668,2023,2023-07-25 18:00:00,2023-07-26 07:45:00
11568,11596,-1,"SL",-0.00523889189804332,2023,2023-07-26 10:15:00,2023-07-26 17:15:00
11615,11638,1,"Trail_SL",0.00680628583636619,2023,2023-07-26 22:00:00,2023-07-27 04:45:00
11669,11681,-1,"TP2",0.0082084158460431,2023,2023-07-27 12:30:00,2023-07-27 15:30:00
11699,11722,-1,"SL",-0.00004,2023,2023-07-27 20:00:00,2023-07-28 02:45:00
11742,11752,1,"SL",-0.00004,2023,2023-07-28 07:45:00,2023-07-28 10:15:00
11774,11812,1,"Trail_SL",0.00693157751006119,2023,2023-07-28 15:45:00,2023-07-31 02:15:00
11822,11842,1,"SL",-0.00534364015236253,2023,2023-07-31 04:45:00,2023-07-31 09:45:00
11857,11860,1,"TP2",0.00799077163252152,2023,2023-07-31 13:30:00,2023-07-31 14:15:00
11900,11908,1,"SL",-0.00004,2023,2023-08-01 01:15:00,2023-08-01 03:15:00
11941,11956,-1,"TP2",0.00873468713363068,2023,2023-08-01 11:30:00,2023-08-01 15:15:00
11993,12027,-1,"TP2",0.00766241500881136,2023,2023-08-02 01:30:00,2023-08-02 10:00:00
12046,12094,-1,"SL",-0.00004,2023,2023-08-02 14:45:00,2023-08-03 03:45:00
12105,12108,-1,"SL",-0.0035748696530845,2023,2023-08-03 06:30:00,2023-08-03 07:15:00
12116,12126,-1,"SL",-0.00551094482640791,2023,2023-08-03 09:15:00,2023-08-03 11:45:00
12139,12154,1,"TP2",0.0100218180426728,2023,2023-08-03 15:00:00,2023-08-03 18:45:00
12180,12187,1,"Trail_SL",0.00205764049417511,2023,2023-08-04 02:15:00,2023-08-04 04:00:00
12188,12205,1,"SL",-0.00500118416993337,2023,2023-08-04 04:15:00,2023-08-04 08:30:00
12209,12227,-1,"Trail_SL",0.00795039794292237,2023,2023-08-04 09:30:00,2023-08-04 14:00:00
12261,12296,-1,"SL",-0.00004,2023,2023-08-04 22:30:00,2023-08-07 08:15:00
12301,12305,1,"SL",-0.00004,2023,2023-08-07 09:30:00,2023-08-07 10:30:00
12324,12326,1,"SL",-0.00569105407287339,2023,2023-08-07 15:15:00,2023-08-07 15:45:00
12330,12373,-1,"SL",-0.00004,2023,2023-08-07 16:45:00,2023-08-08 04:30:00
12386,12393,-1,"TP2",0.00647395166753874,2023,2023-08-08 07:45:00,2023-08-08 09:30:00
12466,12484,1,"SL",-0.00004,2023,2023-08-09 04:45:00,2023-08-09 09:15:00
12518,12580,-1,"SL",-0.0069161139576728,2023,2023-08-09 17:45:00,2023-08-10 10:15:00
12605,12673,-1,"Trail_SL",0.00945511274061553,2023,2023-08-10 16:30:00,2023-08-11 10:30:00
12728,12732,1,"SL",-0.00294997909169775,2023,2023-08-14 01:15:00,2023-08-14 02:15:00
12737,12759,-1,"SL",-0.00004,2023,2023-08-14 03:30:00,2023-08-14 09:00:00
12759,12766,1,"SL",-0.00004,2023,2023-08-14 09:00:00,2023-08-14 10:45:00
12773,12779,1,"SL",-0.00563975500389044,2023,2023-08-14 12:30:00,2023-08-14 14:00:00
12779,12788,-1,"SL",-0.00632159903248578,2023,2023-08-14 14:00:00,2023-08-14 16:15:00
12795,12852,1,"SL",-0.00004,2023,2023-08-14 18:00:00,2023-08-15 09:15:00
12856,12922,-1,"SL",-0.00004,2023,2023-08-15 10:15:00,2023-08-16 03:45:00
12950,12965,1,"SL",-0.00596652786317092,2023,2023-08-16 10:45:00,2023-08-16 14:30:00
12966,12969,-1,"SL",-0.0054063245747626,2023,2023-08-16 14:45:00,2023-08-16 15:30:00
12978,13013,-1,"Trail_SL",0.00639474591675947,2023,2023-08-16 17:45:00,2023-08-17 03:30:00
13037,13059,1,"TP2",0.0080151565203547,2023,2023-08-17 09:30:00,2023-08-17 15:00:00
13100,13101,1,"SL",-0.00004,2023,2023-08-18 02:15:00,2023-08-18 02:30:00
13125,13126,-1,"SL",-0.00004,2023,2023-08-18 08:30:00,2023-08-18 08:45:00
13145,13151,-1,"SL",-0.00601784348755755,2023,2023-08-18 13:30:00,2023-08-18 15:00:00
13152,13195,1,"Trail_SL",0.00761077491406119,2023,2023-08-18 15:15:00,2023-08-21 03:00:00
13206,13220,1,"SL",-0.00455898059467656,2023,2023-08-21 05:45:00,2023-08-21 09:15:00
13222,13237,-1,"SL",-0.00575967511826744,2023,2023-08-21 09:45:00,2023-08-21 13:30:00
13239,13284,1,"SL",-0.00004,2023,2023-08-21 14:00:00,2023-08-22 03:30:00
13302,13327,1,"Trail_SL",0.00578106511902042,2023,2023-08-22 08:00:00,2023-08-22 14:15:00
13358,13392,1,"TP2",0.00555318812448803,2023,2023-08-22 22:00:00,2023-08-23 07:30:00
13402,13469,1,"SL",-0.00004,2023,2023-08-23 10:00:00,2023-08-24 03:45:00
13491,13521,-1,"SL",-0.00004,2023,2023-08-24 09:15:00,2023-08-24 16:45:00
13528,13577,-1,"SL",-0.00004,2023,2023-08-24 18:30:00,2023-08-25 07:45:00
13581,13582,1,"SL",-0.00004,2023,2023-08-25 08:45:00,2023-08-25 09:00:00
13607,13610,-1,"SL",-0.00004,2023,2023-08-25 15:15:00,2023-08-25 16:00:00
13643,13651,1,"TP2",0.00592176204622383,2023,2023-08-28 01:15:00,2023-08-28 03:15:00
13668,13745,-1,"SL",-0.0044261894225911,2023,2023-08-28 07:30:00,2023-08-29 03:45:00
13749,13765,1,"SL",-0.00004,2023,2023-08-29 04:45:00,2023-08-29 08:45:00
13777,13784,1,"SL",-0.00580944219599039,2023,2023-08-29 11:45:00,2023-08-29 13:30:00
13787,13794,-1,"SL",-0.00611058388798879,2023,2023-08-29 14:15:00,2023-08-29 16:00:00
13798,13959,1,"SL",-0.00713976095150772,2023,2023-08-29 17:00:00,2023-08-31 11:15:00
13973,14045,1,"TP2",0.0095260589697527,2023,2023-08-31 14:45:00,2023-09-01 09:45:00
14078,14218,-1,"TP2",0.0119874772466966,2023,2023-09-01 18:00:00,2023-09-05 09:30:00
14237,14241,1,"SL",-0.00004,2023,2023-09-05 14:15:00,2023-09-05 15:15:00
14302,14308,1,"SL",-0.00336136692607574,2023,2023-09-06 07:30:00,2023-09-06 09:00:00
14312,14320,-1,"SL",-0.00577936587611483,2023,2023-09-06 10:00:00,2023-09-06 12:00:00
14327,14376,-1,"Trail_SL",0.00751133513525496,2023,2023-09-06 13:45:00,2023-09-07 03:00:00
14377,14397,-1,"Trail_SL",0.00211003480259276,2023,2023-09-07 03:15:00,2023-09-07 08:15:00
14406,14514,-1,"Trail_SL",0.00800663278525773,2023,2023-09-07 10:30:00,2023-09-08 14:30:00
14528,14562,-1,"SL",-0.00496141085283473,2023,2023-09-08 18:00:00,2023-09-11 03:30:00
14562,14576,1,"TP2",0.00579138721928468,2023,2023-09-11 03:30:00,2023-09-11 07:00:00
14604,14653,1,"Trail_SL",0.00471208347497682,2023,2023-09-11 14:00:00,2023-09-12 03:15:00
14661,14676,1,"SL",-0.0035399121755736,2023,2023-09-12 05:15:00,2023-09-12 09:00:00
14678,14680,-1,"SL",-0.00428445786583963,2023,2023-09-12 09:30:00,2023-09-12 10:00:00
14696,14711,-1,"SL",-0.00004,2023,2023-09-12 14:00:00,2023-09-12 17:45:00
14753,14768,-1,"SL",-0.00343027424031961,2023,2023-09-13 05:15:00,2023-09-13 09:00:00
14769,14775,1,"SL",-0.00004,2023,2023-09-13 09:15:00,2023-09-13 10:45:00
14798,14815,1,"SL",-0.00626926569718267,2023,2023-09-13 16:30:00,2023-09-13 20:45:00
14816,14838,-1,"SL",-0.00418487832909545,2023,2023-09-13 21:00:00,2023-09-14 03:30:00
14845,14860,1,"SL",-0.00004,2023,2023-09-14 05:15:00,2023-09-14 09:00:00
14863,14864,-1,"SL",-0.00464543588273295,2023,2023-09-14 09:45:00,2023-09-14 10:00:00
14873,14882,1,"SL",-0.00004,2023,2023-09-14 12:15:00,2023-09-14 14:30:00
14883,14957,1,"SL",-0.00004,2023,2023-09-14 14:45:00,2023-09-15 10:15:00
14957,15043,-1,"SL",-0.00004,2023,2023-09-15 10:15:00,2023-09-18 08:45:00
15052,15062,1,"SL",-0.00504824688189368,2023,2023-09-18 11:00:00,2023-09-18 13:30:00
15094,15129,-1,"TP2",0.00445694107332834,2023,2023-09-18 21:30:00,2023-09-19 07:15:00
15190,15210,1,"SL",-0.00004,2023,2023-09-19 22:30:00,2023-09-20 04:30:00
15215,15239,-1,"SL",-0.00315795406427026,2023,2023-09-20 05:45:00,2023-09-20 11:45:00
15239,15263,1,"Trail_SL",0.00516520006846973,2023,2023-09-20 11:45:00,2023-09-20 17:45:00
15272,15296,-1,"Trail_SL",0.00586676562379997,2023,2023-09-20 20:00:00,2023-09-21 03:00:00
15321,15322,-1,"SL",-0.00004,2023,2023-09-21 09:15:00,2023-09-21 09:30:00
15365,15406,1,"SL",-0.00004,2023,2023-09-21 20:15:00,2023-09-22 07:30:00
15414,15444,1,"SL",-0.00592862037867337,2023,2023-09-22 09:30:00,2023-09-22 17:00:00
15444,15503,-1,"Trail_SL",0.00678669370025153,2023,2023-09-22 17:00:00,2023-09-25 08:45:00
15546,15597,-1,"TP2",0.00808580596059099,2023,2023-09-25 19:30:00,2023-09-26 09:15:00
15628,15689,-1,"SL",-0.00004,2023,2023-09-26 17:00:00,2023-09-27 09:15:00
15705,15780,-1,"SL",-0.00505694290662843,2023,2023-09-27 13:15:00,2023-09-28 09:00:00
15780,15783,1,"SL",-0.00501213552230623,2023,2023-09-28 09:00:00,2023-09-28 09:45:00
15784,15850,1,"Trail_SL",0.0113895986102424,2023,2023-09-28 10:00:00,2023-09-29 03:30:00
15895,15896,1,"SL",-0.00004,2023,2023-09-29 14:45:00,2023-09-29 15:00:00
15912,15928,-1,"SL",-0.00691317321415965,2023,2023-09-29 19:00:00,2023-10-02
15947,15960,-1,"SL",-0.00004,2023,2023-10-02 04:45:00,2023-10-02 08:00:00
15972,15984,-1,"TP2",0.0102865529964737,2023,2023-10-02 11:00:00,2023-10-02 14:00:00
16028,16035,-1,"TP2",0.00541322361766918,2023,2023-10-03 02:00:00,2023-10-03 03:45:00
16080,16082,-1,"SL",-0.00803257010345691,2023,2023-10-03 15:00:00,2023-10-03 15:30:00
16088,16126,1,"SL",-0.0100618675051912,2023,2023-10-03 17:00:00,2023-10-04 03:30:00
16129,16148,-1,"Trail_SL",0.00434917971956127,2023,2023-10-04 04:15:00,2023-10-04 09:00:00
16158,16174,1,"SL",-0.00602707293617813,2023,2023-10-04 11:30:00,2023-10-04 15:30:00
16175,16228,-1,"SL",-0.00873470086731194,2023,2023-10-04 15:45:00,2023-10-05 06:00:00
16241,16254,-1,"SL",-0.00004,2023,2023-10-05 09:15:00,2023-10-05 12:30:00
16271,16278,1,"SL",-0.00707155621959071,2023,2023-10-05 16:45:00,2023-10-05 18:30:00
16278,16332,-1,"SL",-0.00697921230593744,2023,2023-10-05 18:30:00,2023-10-06 09:15:00
16333,16335,1,"SL",-0.00004,2023,2023-10-06 09:30:00,2023-10-06 10:00:00
16360,16511,1,"SL",-0.00004,2023,2023-10-06 16:15:00,2023-10-10 08:00:00
16528,16540,-1,"Trail_SL",0.0046241182009326,2023,2023-10-10 12:15:00,2023-10-10 15:15:00
16581,16585,1,"SL",-0.00004,2023,2023-10-11 02:30:00,2023-10-11 03:30:00
16586,16593,1,"SL",-0.00315313330358,2023,2023-10-11 03:45:00,2023-10-11 05:30:00
16606,16607,1,"SL",-0.00004,2023,2023-10-11 08:45:00,2023-10-11 09:00:00
16625,16684,-1,"SL",-0.00004,2023,2023-10-11 13:30:00,2023-10-12 05:15:00
16695,16699,1,"Trail_SL",0.0030425866085423,2023,2023-10-12 08:00:00,2023-10-12 09:00:00
16709,16719,1,"SL",-0.00551514762331969,2023,2023-10-12 11:30:00,2023-10-12 14:00:00
16719,16743,-1,"TP2",0.00938708609451891,2023,2023-10-12 14:00:00,2023-10-12 20:00:00
16796,16802,1,"SL",-0.00599615814579573,2023,2023-10-13 10:15:00,2023-10-13 11:45:00
16809,16847,-1,"Trail_SL",0.00483257428975038,2023,2023-10-13 13:30:00,2023-10-16
16863,16884,1,"SL",-0.00004,2023,2023-10-16 04:00:00,2023-10-16 09:15:00
16901,16909,1,"SL",-0.00555438956043792,2023,2023-10-16 13:30:00,2023-10-16 15:30:00
16910,16971,-1,"Trail_SL",0.00556523692597166,2023,2023-10-16 15:45:00,2023-10-17 08:00:00
16995,16999,-1,"SL",-0.00867800238253469,2023,2023-10-17 14:00:00,2023-10-17 15:00:00
17005,17097,1,"SL",-0.00004,2023,2023-10-17 16:30:00,2023-10-18 16:30:00
17121,17156,-1,"SL",-0.00004,2023,2023-10-18 22:30:00,2023-10-19 08:15:00
17165,17185,1,"SL",-0.00590226969714935,2023,2023-10-19 10:30:00,2023-10-19 15:30:00
17185,17200,-1,"SL",-0.00621436995316436,2023,2023-10-19 15:30:00,2023-10-19 19:15:00
17218,17229,-1,"SL",-0.00004,2023,2023-10-20 00:45:00,2023-10-20 03:30:00
17241,17247,-1,"SL",-0.00004,2023,2023-10-20 06:30:00,2023-10-20 08:00:00
17278,17303,1,"SL",-0.00658170564791734,2023,2023-10-20 15:45:00,2023-10-20 22:00:00
17319,17322,-1,"SL",-0.00004,2023,2023-10-23 03:00:00,2023-10-23 03:45:00
17364,17432,1,"TP2",0.0114099748597418,2023,2023-10-23 14:15:00,2023-10-24 08:15:00
17451,17455,-1,"SL",-0.00675708216203958,2023,2023-10-24 13:00:00,2023-10-24 14:00:00
17462,17527,1,"SL",-0.00004,2023,2023-10-24 15:45:00,2023-10-25 09:00:00
17535,17624,-1,"Trail_SL",0.00350889247658976,2023,2023-10-25 11:00:00,2023-10-26 10:15:00
17628,17647,1,"SL",-0.00681172747406314,2023,2023-10-26 11:15:00,2023-10-26 16:00:00
17648,17705,-1,"SL",-0.00657590268225137,2023,2023-10-26 16:15:00,2023-10-27 07:30:00
17777,17804,1,"TP2",0.00386808362039487,2023,2023-10-30 01:15:00,2023-10-30 08:00:00
17814,17824,1,"SL",-0.00004,2023,2023-10-30 10:30:00,2023-10-30 13:00:00
17840,17901,-1,"SL",-0.00004,2023,2023-10-30 17:00:00,2023-10-31 09:15:00
17911,17920,1,"SL",-0.0051824473992224,2023,2023-10-31 11:45:00,2023-10-31 14:00:00
17921,18003,-1,"SL",-0.00603125813595869,2023,2023-10-31 14:15:00,2023-11-01 11:45:00
18003,18008,1,"SL",-0.00515761775162863,2023,2023-11-01 11:45:00,2023-11-01 13:00:00
18015,18020,1,"SL",-0.00004,2023,2023-11-01 14:45:00,2023-11-01 16:00:00
18029,18052,-1,"SL",-0.00596703468207442,2023,2023-11-01 18:15:00,2023-11-02 01:00:00
18077,18082,-1,"SL",-0.00354250200314661,2023,2023-11-02 07:15:00,2023-11-02 08:30:00
18084,18088,1,"SL",-0.00004,2023,2023-11-02 09:00:00,2023-11-02 10:00:00
18100,18103,-1,"SL",-0.00513835962304967,2023,2023-11-02 13:00:00,2023-11-02 13:45:00
18117,18129,-1,"SL",-0.00594011733397744,2023,2023-11-02 17:15:00,2023-11-02 20:15:00
18155,18180,1,"SL",-0.00331042076122004,2023,2023-11-03 03:45:00,2023-11-03 10:00:00
18180,18195,-1,"SL",-0.00585810892094501,2023,2023-11-03 10:00:00,2023-11-03 13:45:00
18196,18200,-1,"SL",-0.00674238007052526,2023,2023-11-03 14:00:00,2023-11-03 15:00:00
18205,18350,1,"SL",-0.00004,2023,2023-11-03 16:15:00,2023-11-07 07:30:00
18386,18396,-1,"SL",-0.00616347388604932,2023,2023-11-07 16:30:00,2023-11-07 19:00:00
18399,18454,1,"SL",-0.00004,2023,2023-11-07 19:45:00,2023-11-08 10:30:00
18455,18467,1,"SL",-0.00483410662673208,2023,2023-11-08 10:45:00,2023-11-08 13:45:00
18472,18480,-1,"TP2",0.00739696787156103,2023,2023-11-08 15:00:00,2023-11-08 17:00:00
18522,18550,-1,"SL",-0.00004,2023,2023-11-09 04:30:00,2023-11-09 11:30:00
18553,18560,-1,"SL",-0.00495468558814246,2023,2023-11-09 12:15:00,2023-11-09 14:00:00
18561,18578,1,"SL",-0.00004,2023,2023-11-09 14:15:00,2023-11-09 18:30:00
18586,18659,-1,"TP2",0.00790340427218078,2023,2023-11-09 20:30:00,2023-11-10 15:45:00
18659,18719,-1,"SL",-0.00510071610435557,2023,2023-11-10 15:45:00,2023-11-13 08:15:00
18720,18726,1,"SL",-0.00004,2023,2023-11-13 08:30:00,2023-11-13 10:00:00
18746,18784,1,"Trail_SL",0.00711871658339468,2023,2023-11-13 15:00:00,2023-11-14 01:30:00
18822,18836,1,"SL",-0.00004,2023,2023-11-14 11:00:00,2023-11-14 14:30:00
18868,18881,-1,"SL",-0.00004,2023,2023-11-14 22:30:00,2023-11-15 02:45:00
18888,18902,1,"SL",-0.00322295215121375,2023,2023-11-15 04:30:00,2023-11-15 08:00:00
18917,18941,1,"SL",-0.00004,2023,2023-11-15 11:45:00,2023-11-15 17:45:00
18954,18973,1,"SL",-0.00359585775484695,2023,2023-11-15 21:00:00,2023-11-16 02:45:00
18974,18992,-1,"SL",-0.00270850193248459,2023,2023-11-16 03:00:00,2023-11-16 07:30:00
19001,19002,1,"SL",-0.00004,2023,2023-11-16 09:45:00,2023-11-16 10:00:00
19026,19094,-1,"SL",-0.00004,2023,2023-11-16 16:00:00,2023-11-17 10:00:00
19095,19099,-1,"SL",-0.00004,2023,2023-11-17 10:15:00,2023-11-17 11:15:00
19108,19150,1,"Trail_SL",0.00627476997252716,2023,2023-11-17 13:30:00,2023-11-20 01:00:00
19161,19178,1,"SL",-0.00354552869478871,2023,2023-11-20 03:45:00,2023-11-20 08:00:00
19193,19214,1,"TP2",0.00780333157965985,2023,2023-11-20 11:45:00,2023-11-20 17:00:00
19214,19277,1,"Trail_SL",0.00611764176803868,2023,2023-11-20 17:00:00,2023-11-21 09:45:00
19309,19347,1,"SL",-0.00531516906824799,2023,2023-11-21 17:45:00,2023-11-22 04:15:00
19374,19395,-1,"TP2",0.00877304317128746,2023,2023-11-22 11:00:00,2023-11-22 16:15:00
19441,19455,1,"SL",-0.00004,2023,2023-11-23 04:45:00,2023-11-23 08:15:00
19461,19462,1,"SL",-0.00004,2023,2023-11-23 09:45:00,2023-11-23 10:00:00
19484,19568,-1,"SL",-0.00004,2023,2023-11-23 15:30:00,2023-11-24 16:00:00
19570,19587,1,"SL",-0.00004,2023,2023-11-24 16:30:00,2023-11-27 01:00:00
19594,19627,1,"SL",-0.00475357321744404,2023,2023-11-27 02:45:00,2023-11-27 11:00:00
19692,19715,-1,"SL",-0.00004,2023,2023-11-28 04:15:00,2023-11-28 10:00:00
19719,19736,1,"Trail_SL",0.00618482178406306,2023,2023-11-28 11:00:00,2023-11-28 15:15:00
19758,19782,1,"SL",-0.00004,2023,2023-11-28 20:45:00,2023-11-29 03:45:00
19820,19826,1,"SL",-0.00004,2023,2023-11-29 13:15:00,2023-11-29 14:45:00
19835,19889,-1,"SL",-0.00602667630852893,2023,2023-11-29 17:00:00,2023-11-30 07:30:00
19897,19905,-1,"SL",-0.00004,2023,2023-11-30 09:30:00,2023-11-30 11:30:00
19929,19984,1,"SL",-0.00004,2023,2023-11-30 17:30:00,2023-12-01 08:15:00
19991,20024,1,"TP2",0.00768551099807688,2023,2023-12-01 10:00:00,2023-12-01 18:15:00
20063,20078,-1,"TP2",0.00573579561283384,2023,2023-12-04 05:00:00,2023-12-04 08:45:00
20113,20181,-1,"TP2",0.009768406446014,2023,2023-12-04 17:30:00,2023-12-05 11:30:00
20206,20239,-1,"SL",-0.007348255307307,2023,2023-12-05 17:45:00,2023-12-06 03:00:00
20239,20266,1,"Trail_SL",0.00347033872832795,2023,2023-12-06 03:00:00,2023-12-06 09:45:00
20291,20298,-1,"TP2",0.00825902607115352,2023,2023-12-06 16:00:00,2023-12-06 17:45:00
20375,20377,1,"SL",-0.00004,2023,2023-12-07 14:00:00,2023-12-07 14:30:00
20384,20420,1,"Trail_SL",0.00673201256151936,2023,2023-12-07 16:15:00,2023-12-08 02:15:00
20427,20447,1,"SL",-0.00311385841834261,2023,2023-12-08 04:00:00,2023-12-08 09:00:00
20454,20469,1,"SL",-0.00004,2023,2023-12-08 10:45:00,2023-12-08 14:30:00
20476,20483,1,"SL",-0.00659144975299083,2023,2023-12-08 16:15:00,2023-12-08 18:00:00
20512,20528,-1,"Trail_SL",0.00304454018486253,2023,2023-12-11 02:15:00,2023-12-11 06:15:00
20543,20570,-1,"SL",-0.00004,2023,2023-12-11 10:00:00,2023-12-11 16:45:00
20589,20606,-1,"SL",-0.00273470108123289,2023,2023-12-11 21:30:00,2023-12-12 02:45:00
20622,20629,1,"SL",-0.00004,2023,2023-12-12 06:45:00,2023-12-12 08:30:00
20642,20653,1,"SL",-0.00416007786358773,2023,2023-12-12 11:45:00,2023-12-12 14:30:00
20653,20659,-1,"SL",-0.00004,2023,2023-12-12 14:30:00,2023-12-12 16:00:00
20682,20702,1,"SL",-0.00315074372781061,2023,2023-12-12 21:45:00,2023-12-13 03:45:00
20746,20768,1,"TP2",0.00737685696491272,2023,2023-12-13 14:45:00,2023-12-13 20:15:00
20807,20816,1,"TP2",0.00595032272023723,2023,2023-12-14 07:00:00,2023-12-14 09:15:00
20843,20855,1,"SL",-0.00670620597621513,2023,2023-12-14 16:00:00,2023-12-14 19:00:00
20884,20897,1,"SL",-0.00004,2023,2023-12-15 03:15:00,2023-12-15 06:30:00
20907,20913,1,"SL",-0.00481314515521613,2023,2023-12-15 09:00:00,2023-12-15 10:30:00
20929,20935,-1,"SL",-0.00737935384469462,2023,2023-12-15 14:30:00,2023-12-15 16:00:00
20939,21001,-1,"SL",-0.00004,2023,2023-12-15 17:00:00,2023-12-18 09:30:00
21008,21061,-1,"Trail_SL",0.00589837069134485,2023,2023-12-18 11:15:00,2023-12-19 01:30:00
21089,21092,-1,"SL",-0.00341758867469913,2023,2023-12-19 08:30:00,2023-12-19 09:15:00
21098,21118,1,"TP2",0.00893743048069124,2023,2023-12-19 10:45:00,2023-12-19 15:45:00
21161,21179,1,"SL",-0.00004,2023,2023-12-20 03:30:00,2023-12-20 08:00:00
21186,21188,1,"SL",-0.00404626507723686,2023,2023-12-20 09:45:00,2023-12-20 10:15:00
21198,21205,-1,"SL",-0.00004,2023,2023-12-20 12:45:00,2023-12-20 14:30:00
21208,21234,-1,"TP2",0.00728647699738227,2023,2023-12-20 15:15:00,2023-12-20 21:45:00
21272,21275,1,"SL",-0.00260774037864401,2023,2023-12-21 08:15:00,2023-12-21 09:00:00
21280,21288,-1,"SL",-0.00004,2023,2023-12-21 10:15:00,2023-12-21 12:15:00
21297,21303,1,"SL",-0.00004,2023,2023-12-21 14:30:00,2023-12-21 16:00:00
21325,21367,1,"SL",-0.00004,2023,2023-12-21 21:30:00,2023-12-22 09:00:00
21369,21372,1,"SL",-0.00399772589218097,2023,2023-12-22 09:30:00,2023-12-22 10:15:00
21377,21391,-1,"SL",-0.00473139338571731,2023,2023-12-22 11:30:00,2023-12-22 15:00:00
21402,21480,-1,"SL",-0.00574781665925325,2023,2023-12-22 17:45:00,2023-12-26 14:15:00
21487,21491,1,"SL",-0.00431754478592138,2023,2023-12-26 16:00:00,2023-12-26 17:00:00
21491,21539,-1,"SL",-0.00483975036846042,2023,2023-12-26 17:00:00,2023-12-27 06:00:00
21539,21551,1,"SL",-0.00004,2023,2023-12-27 06:00:00,2023-12-27 09:00:00
21562,21566,1,"SL",-0.00004,2023,2023-12-27 11:45:00,2023-12-27 12:45:00
21568,21578,1,"TP2",0.0066165456735135,2023,2023-12-27 13:15:00,2023-12-27 15:45:00
21617,21622,1,"SL",-0.00249412905004098,2023,2023-12-28 02:30:00,2023-12-28 03:45:00
21623,21644,1,"SL",-0.00306771995024886,2023,2023-12-28 04:00:00,2023-12-28 09:15:00
21650,21711,-1,"SL",-0.00004,2023,2023-12-28 10:45:00,2023-12-29 03:00:00
21728,21740,1,"SL",-0.00220833761031745,2023,2023-12-29 07:15:00,2023-12-29 10:15:00
21743,21759,-1,"TP2",0.00532108425240024,2023,2023-12-29 11:00:00,2023-12-29 15:00:00
21819,21825,1,"SL",-0.00303076287669718,2024,2024-01-02 07:00:00,2024-01-02 08:30:00
21832,21855,-1,"Trail_SL",0.00509145209118671,2024,2024-01-02 10:15:00,2024-01-02 16:00:00
21874,21935,-1,"TP2",0.00683585570134355,2024,2024-01-02 20:45:00,2024-01-03 13:00:00
21952,22025,1,"SL",-0.0068021526110576,2024,2024-01-03 17:15:00,2024-01-04 12:30:00
22093,22097,1,"SL",-0.00260018000861193,2024,2024-01-05 06:30:00,2024-01-05 07:30:00
22097,22101,-1,"SL",-0.00290073269533893,2024,2024-01-05 07:30:00,2024-01-05 08:30:00
22108,22123,-1,"SL",-0.00004,2024,2024-01-05 10:15:00,2024-01-05 14:00:00
22125,22126,-1,"SL",-0.00467777605721089,2024,2024-01-05 14:30:00,2024-01-05 14:45:00
22128,22131,1,"SL",-0.00004,2024,2024-01-05 15:15:00,2024-01-05 16:00:00
22141,22219,-1,"SL",-0.00004,2024,2024-01-05 18:30:00,2024-01-08 15:00:00
22223,22228,1,"SL",-0.00004,2024,2024-01-08 16:00:00,2024-01-08 17:15:00
22240,22278,1,"SL",-0.00004,2024,2024-01-08 20:15:00,2024-01-09 06:45:00
22287,22293,-1,"SL",-0.00004,2024,2024-01-09 09:00:00,2024-01-09 10:30:00
22316,22350,-1,"Trail_SL",0.00477728752998013,2024,2024-01-09 16:15:00,2024-01-10 01:45:00
22375,22376,-1,"SL",-0.00268167308884069,2024,2024-01-10 08:00:00,2024-01-10 08:15:00
22383,22406,1,"SL",-0.00495099233071522,2024,2024-01-10 10:00:00,2024-01-10 15:45:00
22407,22413,-1,"SL",-0.00004,2024,2024-01-10 16:00:00,2024-01-10 17:30:00
22415,22446,-1,"SL",-0.00498035282387015,2024,2024-01-10 18:00:00,2024-01-11 02:45:00
22489,22493,1,"SL",-0.0033972318895936,2024,2024-01-11 13:30:00,2024-01-11 14:30:00
22499,22538,-1,"SL",-0.00622609697180408,2024,2024-01-11 16:00:00,2024-01-12 02:45:00
22538,22566,1,"Trail_SL",0.0023790957762102,2024,2024-01-12 02:45:00,2024-01-12 09:45:00
22570,22589,-1,"SL",-0.00004,2024,2024-01-12 10:45:00,2024-01-12 15:30:00
22597,22627,-1,"SL",-0.00004,2024,2024-01-12 17:30:00,2024-01-15 02:00:00
22664,22676,-1,"SL",-0.00398057532890999,2024,2024-01-15 11:15:00,2024-01-15 14:15:00
22717,22729,-1,"Trail_SL",0.00266175332569225,2024,2024-01-16 04:00:00,2024-01-16 07:00:00
22740,22764,1,"SL",-0.00551031327055156,2024,2024-01-16 09:45:00,2024-01-16 15:45:00
22766,22828,-1,"TP2",0.00880137138801687,2024,2024-01-16 16:15:00,2024-01-17 08:45:00
22845,22851,1,"SL",-0.00498620462611221,2024,2024-01-17 13:00:00,2024-01-17 14:30:00
22860,22913,-1,"SL",-0.00595529084503695,2024,2024-01-17 16:45:00,2024-01-18 07:00:00
22913,22925,1,"SL",-0.00412978429284057,2024,2024-01-18 07:00:00,2024-01-18 10:00:00
22927,22951,-1,"SL",-0.00004,2024,2024-01-18 10:30:00,2024-01-18 16:30:00
22955,23022,1,"Trail_SL",0.0068500836282153,2024,2024-01-18 17:30:00,2024-01-19 11:15:00
23042,23051,-1,"SL",-0.00563327375285399,2024,2024-01-19 16:15:00,2024-01-19 18:30:00
23051,23116,1,"SL",-0.00559067077672805,2024,2024-01-19 18:30:00,2024-01-22 11:45:00
23142,23146,1,"SL",-0.00463519633559829,2024,2024-01-22 18:15:00,2024-01-22 19:15:00
23149,23172,-1,"SL",-0.00450792754250267,2024,2024-01-22 20:00:00,2024-01-23 02:45:00
23172,23173,1,"SL",-0.00004,2024,2024-01-23 02:45:00,2024-01-23 03:00:00
23178,23199,1,"Trail_SL",0.00495737334397888,2024,2024-01-23 04:15:00,2024-01-23 09:30:00
23219,23288,1,"Trail_SL",0.00876833613827286,2024,2024-01-23 14:30:00,2024-01-24 08:45:00
23311,23387,1,"SL",-0.00004,2024,2024-01-24 14:30:00,2024-01-25 10:30:00
23389,23411,1,"SL",-0.00509975063687819,2024,2024-01-25 11:00:00,2024-01-25 16:30:00
23412,23479,-1,"SL",-0.00004,2024,2024-01-25 16:45:00,2024-01-26 10:30:00
23486,23505,1,"SL",-0.00004,2024,2024-01-26 12:15:00,2024-01-26 17:00:00
23511,23566,-1,"SL",-0.00004,2024,2024-01-26 18:30:00,2024-01-29 09:15:00
23573,23580,-1,"SL",-0.00426810299147385,2024,2024-01-29 11:00:00,2024-01-29 12:45:00
23588,23629,1,"Trail_SL",0.00504062903128311,2024,2024-01-29 14:45:00,2024-01-30 02:00:00
23660,23686,1,"SL",-0.00004,2024,2024-01-30 09:45:00,2024-01-30 16:15:00
23687,23719,1,"Trail_SL",0.0061880371827445,2024,2024-01-30 16:30:00,2024-01-31 01:30:00
23741,23747,-1,"SL",-0.00260707643926602,2024,2024-01-31 07:00:00,2024-01-31 08:30:00
23750,23766,1,"SL",-0.00365990399939765,2024,2024-01-31 09:15:00,2024-01-31 13:15:00
23773,23777,1,"SL",-0.00004,2024,2024-01-31 15:00:00,2024-01-31 16:00:00
23783,23853,-1,"Trail_SL",0.00837859041607125,2024,2024-01-31 17:30:00,2024-02-01 12:00:00
23879,23937,-1,"Trail_SL",0.00684513455790639,2024,2024-02-01 18:30:00,2024-02-02 10:00:00
23951,23955,1,"SL",-0.00405040902814733,2024,2024-02-02 13:30:00,2024-02-02 14:30:00
23961,24049,-1,"TP2",0.00979259708341054,2024,2024-02-02 16:00:00,2024-02-05 15:00:00
24050,24066,-1,"SL",-0.00004,2024,2024-02-05 15:15:00,2024-02-05 19:15:00
24083,24089,-1,"SL",-0.00206808035136612,2024,2024-02-06 00:30:00,2024-02-06 02:00:00
24106,24110,1,"SL",-0.00321075034132449,2024,2024-02-06 06:15:00,2024-02-06 07:15:00
24114,24118,1,"SL",-0.00360274962162028,2024,2024-02-06 08:15:00,2024-02-06 09:15:00
24119,24143,-1,"SL",-0.00374628313977004,2024,2024-02-06 09:30:00,2024-02-06 15:30:00
24155,24192,1,"SL",-0.00004,2024,2024-02-06 18:30:00,2024-02-07 04:45:00
24195,24206,-1,"SL",-0.0023019733422004,2024,2024-02-07 05:30:00,2024-02-07 08:15:00
24216,24223,-1,"SL",-0.00004,2024,2024-02-07 10:45:00,2024-02-07 12:30:00
24231,24243,-1,"TP2",0.00616591774669937,2024,2024-02-07 14:30:00,2024-02-07 17:30:00
24298,24302,1,"SL",-0.00311210703203355,2024,2024-02-08 08:15:00,2024-02-08 09:15:00
24305,24306,-1,"SL",-0.00004,2024,2024-02-08 10:00:00,2024-02-08 10:15:00
24383,24389,-1,"SL",-0.00204028181803778,2024,2024-02-09 06:30:00,2024-02-09 08:00:00
24396,24414,-1,"TP2",0.00521086744078708,2024,2024-02-09 09:45:00,2024-02-09 14:15:00
24416,24422,-1,"SL",-0.00004,2024,2024-02-09 14:45:00,2024-02-09 16:15:00
24445,24449,1,"SL",-0.00298485432547195,2024,2024-02-09 22:00:00,2024-02-12
24466,24484,-1,"SL",-0.00004,2024,2024-02-12 04:15:00,2024-02-12 08:45:00
24489,24505,1,"Trail_SL",0.00355585758664826,2024,2024-02-12 10:00:00,2024-02-12 14:00:00
24545,24553,1,"TP2",0.00304583589147782,2024,2024-02-13 01:00:00,2024-02-13 03:00:00
24599,24602,-1,"SL",-0.00499011633701955,2024,2024-02-13 14:30:00,2024-02-13 15:15:00
24603,24661,-1,"Trail_SL",0.00830845637972242,2024,2024-02-13 15:30:00,2024-02-14 07:00:00
24684,24693,1,"SL",-0.00405386670661918,2024,2024-02-14 12:45:00,2024-02-14 15:00:00
24701,24776,-1,"SL",-0.00559354495149167,2024,2024-02-14 17:00:00,2024-02-15 12:45:00
24823,24831,1,"TP2",0.00270997775855403,2024,2024-02-16 01:30:00,2024-02-16 03:30:00
24831,24850,1,"SL",-0.00004,2024,2024-02-16 03:30:00,2024-02-16 08:15:00
24856,24873,1,"Trail_SL",0.00547701411820967,2024,2024-02-16 09:45:00,2024-02-16 14:00:00
24934,24942,-1,"SL",-0.00272979242819315,2024,2024-02-19 06:15:00,2024-02-19 08:15:00
24950,24961,-1,"SL",-0.00345777717324565,2024,2024-02-19 10:15:00,2024-02-19 13:00:00
24969,24977,1,"SL",-0.00335511621493229,2024,2024-02-19 15:00:00,2024-02-19 17:00:00
24984,25023,-1,"SL",-0.00004,2024,2024-02-19 18:45:00,2024-02-20 08:00:00
25027,25028,1,"SL",-0.00004,2024,2024-02-20 09:00:00,2024-02-20 09:15:00
25050,25066,1,"TP2",0.00677523480836956,2024,2024-02-20 14:45:00,2024-02-20 18:45:00
25087,25091,1,"SL",-0.00244395877572718,2024,2024-02-21 01:00:00,2024-02-21 02:00:00
25099,25118,1,"SL",-0.00004,2024,2024-02-21 04:00:00,2024-02-21 08:45:00
25118,25119,1,"SL",-0.00004,2024,2024-02-21 08:45:00,2024-02-21 09:00:00
25124,25146,1,"TP2",0.0067800687970024,2024,2024-02-21 10:15:00,2024-02-21 15:45:00
25151,25216,1,"SL",-0.00004,2024,2024-02-21 17:00:00,2024-02-22 10:15:00
25224,25231,-1,"SL",-0.00378406147771781,2024,2024-02-22 12:15:00,2024-02-22 14:00:00
25233,25238,-1,"SL",-0.00388840938034356,2024,2024-02-22 14:30:00,2024-02-22 15:45:00
25242,25284,1,"SL",-0.00004,2024,2024-02-22 16:45:00,2024-02-23 04:15:00
25306,25316,-1,"Trail_SL",0.00323752738006413,2024,2024-02-23 09:45:00,2024-02-23 12:15:00
25331,25337,-1,"SL",-0.00458113703182578,2024,2024-02-23 16:00:00,2024-02-23 17:30:00
25338,25373,1,"SL",-0.00433703348943708,2024,2024-02-23 17:45:00,2024-02-26 03:30:00
25393,25395,-1,"SL",-0.00004,2024,2024-02-26 08:30:00,2024-02-26 09:00:00
25480,25489,1,"SL",-0.00004,2024,2024-02-27 07:15:00,2024-02-27 09:30:00
25509,25518,-1,"SL",-0.00004,2024,2024-02-27 14:30:00,2024-02-27 16:45:00
25520,25580,-1,"TP2",0.00558903279713371,2024,2024-02-27 17:15:00,2024-02-28 09:15:00
25619,25695,1,"Trail_SL",0.00457598437246449,2024,2024-02-28 19:00:00,2024-02-29 15:00:00
25696,25718,1,"SL",-0.00429113457031203,2024,2024-02-29 15:15:00,2024-02-29 20:45:00
25718,25765,-1,"TP2",0.0046717693329759,2024,2024-02-29 20:45:00,2024-03-01 09:30:00
25794,25804,1,"SL",-0.00004,2024,2024-03-01 16:45:00,2024-03-01 19:15:00
25820,25829,1,"SL",-0.00244145174116015,2024,2024-03-04 00:15:00,2024-03-04 02:30:00
25853,25859,1,"SL",-0.00004,2024,2024-03-04 08:30:00,2024-03-04 10:00:00
25883,25888,-1,"SL",-0.004326147203422,2024,2024-03-04 16:00:00,2024-03-04 17:15:00
25895,25955,-1,"SL",-0.00438184042569524,2024,2024-03-04 19:00:00,2024-03-05 11:00:00
25967,25971,-1,"SL",-0.00374215397993911,2024,2024-03-05 14:00:00,2024-03-05 15:00:00
25974,26027,-1,"SL",-0.00004,2024,2024-03-05 15:45:00,2024-03-06 06:00:00
26036,26050,1,"Trail_SL",0.00225296329257942,2024,2024-03-06 08:15:00,2024-03-06 11:45:00
26066,26077,1,"SL",-0.00437130206293897,2024,2024-03-06 15:45:00,2024-03-06 18:30:00
26104,26108,1,"SL",-0.00224917382178006,2024,2024-03-07 02:15:00,2024-03-07 03:15:00
26109,26136,1,"TP2",0.00402639721834163,2024,2024-03-07 03:30:00,2024-03-07 10:15:00
26186,26201,1,"SL",-0.00208829486535469,2024,2024-03-07 22:45:00,2024-03-08 03:30:00
26225,26241,1,"SL",-0.00373815230393052,2024,2024-03-08 09:30:00,2024-03-08 13:30:00
26243,26245,-1,"SL",-0.00360723302843657,2024,2024-03-08 14:00:00,2024-03-08 14:30:00
26246,26247,-1,"SL",-0.00004,2024,2024-03-08 14:45:00,2024-03-08 15:00:00
26268,26329,-1,"SL",-0.00469778672844482,2024,2024-03-08 20:15:00,2024-03-11 11:30:00
26329,26343,1,"SL",-0.00004,2024,2024-03-11 11:30:00,2024-03-11 15:00:00
26412,26429,1,"Trail_SL",0.00308779234238816,2024,2024-03-12 09:15:00,2024-03-12 13:30:00
26437,26466,-1,"SL",-0.00782652062348651,2024,2024-03-12 15:30:00,2024-03-12 23:45:00
26480,26493,-1,"SL",-0.00261499793861183,2024,2024-03-13 03:15:00,2024-03-13 06:30:00
26494,26495,1,"SL",-0.00004,2024,2024-03-13 06:45:00,2024-03-13 07:00:00
26498,26507,1,"TP2",0.00659819074345494,2024,2024-03-13 07:45:00,2024-03-13 10:00:00
26563,26567,1,"SL",-0.00004,2024,2024-03-14 01:00:00,2024-03-14 02:00:00
26610,26614,1,"SL",-0.0046347147934909,2024,2024-03-14 12:45:00,2024-03-14 13:45:00
26638,26670,1,"TP2",0.00796329696796863,2024,2024-03-14 19:45:00,2024-03-15 04:45:00
26707,26714,1,"SL",-0.00004,2024,2024-03-15 14:00:00,2024-03-15 15:45:00
26758,26768,1,"SL",-0.00387437495378969,2024,2024-03-18 03:45:00,2024-03-18 06:15:00
26772,26787,-1,"SL",-0.00314869239625766,2024,2024-03-18 07:15:00,2024-03-18 11:00:00
26827,26847,-1,"SL",-0.00004,2024,2024-03-18 21:00:00,2024-03-19 03:00:00
26850,26862,-1,"Trail_SL",0.00436395602529425,2024,2024-03-19 03:45:00,2024-03-19 06:45:00
26878,26967,-1,"Trail_SL",0.00892195882933883,2024,2024-03-19 10:45:00,2024-03-20 10:00:00
27009,27028,1,"SL",-0.00004,2024,2024-03-20 20:30:00,2024-03-21 02:15:00
27068,27084,-1,"TP2",0.00764133775920963,2024,2024-03-21 12:15:00,2024-03-21 16:15:00
27123,27146,-1,"Trail_SL",0.00330503912539462,2024,2024-03-22 03:00:00,2024-03-22 08:45:00
27147,27168,-1,"Trail_SL",0.00440217030183031,2024,2024-03-22 09:00:00,2024-03-22 14:15:00
27177,27212,-1,"SL",-0.00004,2024,2024-03-22 16:30:00,2024-03-25 02:15:00
27212,27213,1,"SL",-0.00004,2024,2024-03-25 02:15:00,2024-03-25 02:30:00
27241,27259,-1,"SL",-0.00004,2024,2024-03-25 09:30:00,2024-03-25 14:00:00
27260,27264,-1,"SL",-0.00477794036530154,2024,2024-03-25 14:15:00,2024-03-25 15:15:00
27274,27311,1,"SL",-0.00468777743875145,2024,2024-03-25 17:45:00,2024-03-26 04:00:00
27311,27323,-1,"SL",-0.00428813421735254,2024,2024-03-26 04:00:00,2024-03-26 07:00:00
27338,27347,1,"SL",-0.00004,2024,2024-03-26 10:45:00,2024-03-26 13:00:00
27388,27396,-1,"SL",-0.00004,2024,2024-03-27 00:15:00,2024-03-27 02:15:00
27402,27414,-1,"SL",-0.00308096067168513,2024,2024-03-27 03:45:00,2024-03-27 06:45:00
27423,27433,-1,"SL",-0.00429872519636818,2024,2024-03-27 09:00:00,2024-03-27 11:30:00
27440,27445,-1,"SL",-0.00004,2024,2024-03-27 13:15:00,2024-03-27 14:30:00
27447,27460,-1,"SL",-0.00557405741431294,2024,2024-03-27 15:00:00,2024-03-27 18:15:00
27495,27505,1,"SL",-0.00004,2024,2024-03-28 04:00:00,2024-03-28 06:30:00
27520,27542,-1,"SL",-0.00452126330808085,2024,2024-03-28 10:15:00,2024-03-28 15:45:00
27567,27578,1,"SL",-0.00004,2024,2024-04-01,2024-04-01 02:45:00
27605,27623,1,"SL",-0.00411583577703751,2024,2024-04-01 09:30:00,2024-04-01 14:00:00
27630,27731,1,"SL",-0.00004,2024,2024-04-01 15:45:00,2024-04-02 18:00:00
27731,27767,-1,"SL",-0.00577641094069662,2024,2024-04-02 18:00:00,2024-04-03 04:00:00
27772,27781,1,"SL",-0.00004,2024,2024-04-03 05:15:00,2024-04-03 07:30:00
27792,27805,-1,"SL",-0.00534848591960329,2024,2024-04-03 10:15:00,2024-04-03 13:30:00
27806,27813,1,"TP2",0.00784422636090494,2024,2024-04-03 13:45:00,2024-04-03 15:30:00
27885,27886,1,"SL",-0.00004,2024,2024-04-04 10:30:00,2024-04-04 10:45:00
27918,27926,1,"SL",-0.0060763236227802,2024,2024-04-04 18:45:00,2024-04-04 20:45:00
27928,27950,-1,"Trail_SL",0.00604198977820467,2024,2024-04-04 21:15:00,2024-04-05 03:45:00
27974,27993,1,"SL",-0.0046225259832698,2024,2024-04-05 09:45:00,2024-04-05 14:30:00
28003,28036,1,"SL",-0.00665889452993962,2024,2024-04-05 17:00:00,2024-04-08 02:15:00
28036,28040,-1,"TP2",0.00622562839299823,2024,2024-04-08 02:15:00,2024-04-08 03:15:00
28052,28084,1,"Trail_SL",0.00722388476285798,2024,2024-04-08 06:15:00,2024-04-08 14:15:00
28104,28184,1,"Trail_SL",0.00769837175926979,2024,2024-04-08 19:15:00,2024-04-09 16:15:00
28190,28246,-1,"SL",-0.00931770813775059,2024,2024-04-09 17:45:00,2024-04-10 08:45:00
28249,28269,1,"SL",-0.00004,2024,2024-04-10 09:30:00,2024-04-10 14:30:00
28275,28408,-1,"SL",-0.00004,2024,2024-04-10 16:00:00,2024-04-12 03:15:00
28412,28418,1,"SL",-0.00402275249319181,2024,2024-04-12 04:15:00,2024-04-12 05:45:00
28419,28431,1,"Trail_SL",0.00708915753991448,2024,2024-04-12 06:00:00,2024-04-12 09:00:00
28455,28459,1,"SL",-0.00786951165886452,2024,2024-04-12 15:00:00,2024-04-12 16:00:00
28465,28486,-1,"SL",-0.00004,2024,2024-04-12 17:30:00,2024-04-12 22:45:00
28487,28499,1,"SL",-0.0119404829032109,2024,2024-04-15,2024-04-15 03:00:00
28512,28521,-1,"SL",-0.00933268406668971,2024,2024-04-15 06:15:00,2024-04-15 08:30:00
28529,28545,-1,"SL",-0.00899917583770661,2024,2024-04-15 10:30:00,2024-04-15 14:30:00
28548,28551,1,"SL",-0.00838900560939607,2024,2024-04-15 15:15:00,2024-04-15 16:00:00
28553,28590,1,"Trail_SL",0.0102356572677894,2024,2024-04-15 16:30:00,2024-04-16 02:45:00
28618,28649,-1,"Trail_SL",0.00728572683135023,2024,2024-04-16 09:45:00,2024-04-16 17:30:00
28651,28711,-1,"SL",-0.00724594139203231,2024,2024-04-16 18:00:00,2024-04-17 10:00:00
28775,28776,1,"SL",-0.00352648866866768,2024,2024-04-18 03:00:00,2024-04-18 03:15:00
28784,28797,1,"TP2",0.00816444925272129,2024,2024-04-18 05:15:00,2024-04-18 08:30:00
28832,28876,1,"SL",-0.00004,2024,2024-04-18 17:15:00,2024-04-19 05:15:00
28881,28890,-1,"SL",-0.00886895117453538,2024,2024-04-19 06:30:00,2024-04-19 08:45:00
28890,28924,1,"Trail_SL",0.0094174349433551,2024,2024-04-19 08:45:00,2024-04-19 17:15:00
28929,28967,1,"Trail_SL",0.00966646291293691,2024,2024-04-19 18:30:00,2024-04-22 05:00:00
28985,28991,-1,"SL",-0.00749393721320108,2024,2024-04-22 09:30:00,2024-04-22 11:00:00
28996,29002,1,"SL",-0.00637346979072224,2024,2024-04-22 12:15:00,2024-04-22 13:45:00
29007,29011,-1,"SL",-0.00741355041072006,2024,2024-04-22 15:00:00,2024-04-22 16:00:00
29014,29073,-1,"TP2",0.0127744864159983,2024,2024-04-22 16:45:00,2024-04-23 08:30:00
29098,29102,-1,"SL",-0.00620795715514705,2024,2024-04-23 14:45:00,2024-04-23 15:45:00
29147,29149,1,"SL",-0.00004,2024,2024-04-24 04:00:00,2024-04-24 04:30:00
29189,29201,1,"SL",-0.00004,2024,2024-04-24 14:30:00,2024-04-24 17:30:00
29223,29235,-1,"SL",-0.00004,2024,2024-04-25,2024-04-25 03:00:00
29253,29262,1,"TP2",0.00807572900821412,2024,2024-04-25 07:30:00,2024-04-25 09:45:00
29317,29338,1,"TP2",0.00601213501515091,2024,2024-04-26 00:30:00,2024-04-26 05:45:00
29381,29407,-1,"SL",-0.00748760614061302,2024,2024-04-26 16:30:00,2024-04-29
29427,29469,1,"Trail_SL",0.00522720876092053,2024,2024-04-29 05:00:00,2024-04-29 15:30:00
29472,29480,1,"TP2",0.00964740313431059,2024,2024-04-29 16:15:00,2024-04-29 18:15:00
29501,29512,1,"SL",-0.00004,2024,2024-04-30 00:30:00,2024-04-30 03:15:00
29518,29529,1,"SL",-0.00552836669206565,2024,2024-04-30 04:45:00,2024-04-30 07:30:00
29536,29558,-1,"TP2",0.0113443882171586,2024,2024-04-30 09:15:00,2024-04-30 14:45:00
29657,29671,-1,"SL",-0.00727833273348944,2024,2024-05-01 16:30:00,2024-05-01 20:00:00
29686,29728,1,"SL",-0.00613571874571048,2024,2024-05-02 00:45:00,2024-05-02 11:15:00
29760,29815,-1,"SL",-0.00746042439933319,2024,2024-05-02 19:15:00,2024-05-03 10:00:00
29817,29823,1,"Trail_SL",0.00531356543283312,2024,2024-05-03 10:30:00,2024-05-03 12:00:00
29848,29878,1,"SL",-0.00004,2024,2024-05-03 18:15:00,2024-05-06 02:45:00
29885,29925,1,"Trail_SL",0.00709600707042893,2024,2024-05-06 04:30:00,2024-05-06 14:30:00
29965,29968,-1,"SL",-0.00217423712240041,2024,2024-05-07 01:30:00,2024-05-07 02:15:00
29978,30012,-1,"Trail_SL",0.00542437902462756,2024,2024-05-07 04:45:00,2024-05-07 13:15:00
30027,30063,1,"SL",-0.00599802164198809,2024,2024-05-07 17:00:00,2024-05-08 03:00:00
30063,30069,-1,"Trail_SL",0.00278131571824383,2024,2024-05-08 03:00:00,2024-05-08 04:30:00
30088,30097,-1,"SL",-0.00004,2024,2024-05-08 09:15:00,2024-05-08 11:30:00
30150,30156,-1,"SL",-0.00205155246658726,2024,2024-05-09 01:45:00,2024-05-09 03:15:00
30163,30174,1,"SL",-0.00346566375591129,2024,2024-05-09 05:00:00,2024-05-09 07:45:00
30181,30201,-1,"SL",-0.0050211031448703,2024,2024-05-09 09:30:00,2024-05-09 14:30:00
30206,30247,1,"Trail_SL",0.00908929752401592,2024,2024-05-09 15:45:00,2024-05-10 03:00:00
30299,30363,-1,"SL",-0.00984064532069868,2024,2024-05-10 16:00:00,2024-05-13 09:00:00
30363,30380,1,"Trail_SL",0.00567423044168395,2024,2024-05-13 09:00:00,2024-05-13 13:15:00
30446,30456,1,"Trail_SL",0.00380195584425147,2024,2024-05-14 06:45:00,2024-05-14 09:15:00
30463,30475,1,"SL",-0.00004,2024,2024-05-14 11:00:00,2024-05-14 14:00:00
30484,30486,1,"SL",-0.00004,2024,2024-05-14 16:15:00,2024-05-14 16:45:00
30519,30523,1,"SL",-0.00004,2024,2024-05-15 02:00:00,2024-05-15 03:00:00
30567,30579,-1,"Trail_SL",0.0123786579760111,2024,2024-05-15 14:00:00,2024-05-15 17:00:00
30617,30630,1,"SL",-0.00004,2024,2024-05-16 03:30:00,2024-05-16 06:45:00
30632,30636,1,"SL",-0.00907349264745752,2024,2024-05-16 07:15:00,2024-05-16 08:15:00
30636,30640,-1,"SL",-0.0102596103997468,2024,2024-05-16 08:15:00,2024-05-16 09:15:00
30660,30716,-1,"SL",-0.00004,2024,2024-05-16 14:15:00,2024-05-17 05:15:00
30725,30727,1,"SL",-0.00004,2024,2024-05-17 07:30:00,2024-05-17 08:00:00
30750,30757,1,"Trail_SL",0.00933936769100908,2024,2024-05-17 13:45:00,2024-05-17 15:30:00
30839,30843,-1,"SL",-0.00004,2024,2024-05-20 13:00:00,2024-05-20 14:00:00
30843,30863,-1,"SL",-0.0115159649976613,2024,2024-05-20 14:00:00,2024-05-20 19:00:00
30868,30895,1,"SL",-0.0096569110381753,2024,2024-05-20 20:15:00,2024-05-21 04:00:00
30899,30916,-1,"SL",-0.0113735637755846,2024,2024-05-21 05:00:00,2024-05-21 09:15:00
30929,30936,1,"TP2",0.0127674980340887,2024,2024-05-21 12:30:00,2024-05-21 14:15:00
30981,30982,1,"SL",-0.00401120509377226,2024,2024-05-22 02:30:00,2024-05-22 02:45:00
30994,31016,-1,"TP2",0.0131457019088165,2024,2024-05-22 05:45:00,2024-05-22 11:15:00
31082,31096,-1,"SL",-0.00004,2024,2024-05-23 04:45:00,2024-05-23 08:15:00
31097,31109,-1,"SL",-0.00004,2024,2024-05-23 08:30:00,2024-05-23 11:30:00
31119,31140,1,"SL",-0.009691036466606,2024,2024-05-23 14:00:00,2024-05-23 19:15:00
31141,31309,-1,"SL",-0.00994830053543247,2024,2024-05-23 19:30:00,2024-05-27 15:30:00
31346,31362,1,"SL",-0.00650570524375449,2024,2024-05-28 04:15:00,2024-05-28 08:15:00
31369,31387,-1,"SL",-0.00701871648558618,2024,2024-05-28 10:00:00,2024-05-28 14:30:00
31387,31389,1,"SL",-0.00004,2024,2024-05-28 14:30:00,2024-05-28 15:00:00
31394,31465,1,"SL",-0.00004,2024,2024-05-28 16:15:00,2024-05-29 11:00:00
31504,31526,-1,"SL",-0.00004,2024,2024-05-29 20:45:00,2024-05-30 03:15:00
31533,31545,-1,"Trail_SL",0.00762514216868487,2024,2024-05-30 05:00:00,2024-05-30 08:00:00
31564,31575,-1,"SL",-0.00004,2024,2024-05-30 12:45:00,2024-05-30 15:30:00
31592,31636,-1,"SL",-0.00004,2024,2024-05-30 19:45:00,2024-05-31 07:45:00
31639,31644,1,"SL",-0.00663170066877669,2024,2024-05-31 08:30:00,2024-05-31 09:45:00
31646,31674,-1,"TP2",0.011637419664026,2024,2024-05-31 10:15:00,2024-05-31 17:15:00
31699,31718,1,"SL",-0.00004,2024,2024-06-03 00:30:00,2024-06-03 05:15:00
31723,31731,-1,"SL",-0.00004,2024,2024-06-03 06:30:00,2024-06-03 08:30:00
31733,31750,-1,"SL",-0.00717654481137406,2024,2024-06-03 09:00:00,2024-06-03 13:15:00
31778,31803,1,"SL",-0.00004,2024,2024-06-03 20:15:00,2024-06-04 03:30:00
31825,31830,-1,"TP2",0.00938989115139552,2024,2024-06-04 09:00:00,2024-06-04 10:15:00
31857,31896,-1,"SL",-0.00004,2024,2024-06-04 17:00:00,2024-06-05 03:45:00
31918,31921,-1,"SL",-0.00596866485074644,2024,2024-06-05 09:15:00,2024-06-05 10:00:00
31929,31939,-1,"SL",-0.00004,2024,2024-06-05 12:00:00,2024-06-05 14:30:00
31944,31965,1,"TP2",0.012822392639783,2024,2024-06-05 15:45:00,2024-06-05 21:00:00
31988,31991,1,"SL",-0.00004,2024,2024-06-06 03:45:00,2024-06-06 04:30:00
32027,32042,1,"SL",-0.00004,2024,2024-06-06 13:30:00,2024-06-06 17:15:00
32045,32098,1,"SL",-0.00914426767107319,2024,2024-06-06 18:00:00,2024-06-07 08:15:00
32102,32109,-1,"TP2",0.00996724006285767,2024,2024-06-07 09:15:00,2024-06-07 11:00:00
32205,32221,1,"Trail_SL",0.00559334899538725,2024,2024-06-10 12:00:00,2024-06-10 16:00:00
32228,32265,1,"SL",-0.00749192512746881,2024,2024-06-10 17:45:00,2024-06-11 04:00:00
32274,32285,-1,"SL",-0.00004,2024,2024-06-11 06:15:00,2024-06-11 09:00:00
32289,32305,-1,"Trail_SL",0.00914098509602825,2024,2024-06-11 10:00:00,2024-06-11 14:00:00
32328,32394,1,"SL",-0.00004,2024,2024-06-11 19:45:00,2024-06-12 13:15:00
32401,32404,1,"SL",-0.00892065548995614,2024,2024-06-12 15:00:00,2024-06-12 15:45:00
32425,32470,-1,"SL",-0.00004,2024,2024-06-12 21:00:00,2024-06-13 09:15:00
32495,32499,1,"SL",-0.00852075419726201,2024,2024-06-13 15:30:00,2024-06-13 16:30:00
32531,32538,-1,"SL",-0.00335066169193701,2024,2024-06-14 01:30:00,2024-06-14 03:15:00
32562,32574,-1,"Trail_SL",0.00495398088891857,2024,2024-06-14 09:15:00,2024-06-14 12:15:00
32579,32595,-1,"Trail_SL",0.00618876314650574,2024,2024-06-14 13:30:00,2024-06-14 17:30:00
32599,32638,1,"SL",-0.00768907082563278,2024,2024-06-14 18:30:00,2024-06-17 05:15:00
32670,32674,-1,"SL",-0.00004,2024,2024-06-17 13:15:00,2024-06-17 14:15:00
32679,32686,-1,"SL",-0.0060293149693571,2024,2024-06-17 15:30:00,2024-06-17 17:15:00
32698,32723,1,"SL",-0.00004,2024,2024-06-17 20:15:00,2024-06-18 03:30:00
32746,32750,-1,"TP2",0.00817593040497907,2024,2024-06-18 09:15:00,2024-06-18 10:15:00
32779,32814,1,"Trail_SL",0.0121446353540077,2024,2024-06-18 17:30:00,2024-06-19 10:00:00
32868,32871,1,"TP2",0.00565927380285477,2024,2024-06-20 03:00:00,2024-06-20 03:45:00
32901,32912,-1,"SL",-0.00698626978591314,2024,2024-06-20 11:15:00,2024-06-20 14:00:00
32912,32918,1,"SL",-0.00004,2024,2024-06-20 14:00:00,2024-06-20 15:30:00
32950,32961,1,"SL",-0.00380395623242094,2024,2024-06-21 00:30:00,2024-06-21 03:15:00
32966,32990,-1,"Trail_SL",0.00467369418992939,2024,2024-06-21 04:30:00,2024-06-21 10:30:00
33027,33068,-1,"SL",-0.00004,2024,2024-06-21 19:45:00,2024-06-24 07:00:00
33083,33088,1,"SL",-0.00600654265806631,2024,2024-06-24 10:45:00,2024-06-24 12:00:00
33095,33103,-1,"SL",-0.00610000862299496,2024,2024-06-24 13:45:00,2024-06-24 15:45:00
33104,33111,1,"SL",-0.0059971108481581,2024,2024-06-24 16:00:00,2024-06-24 17:45:00
33113,33148,-1,"SL",-0.00568336218386054,2024,2024-06-24 18:15:00,2024-06-25 04:00:00
33170,33201,-1,"TP2",0.00858162948156649,2024,2024-06-25 09:30:00,2024-06-25 17:15:00
33250,33258,-1,"SL",-0.00400524842867756,2024,2024-06-26 06:30:00,2024-06-26 08:30:00
33265,33273,1,"SL",-0.00617291628373641,2024,2024-06-26 10:15:00,2024-06-26 12:15:00
33281,33286,1,"SL",-0.00668735038335491,2024,2024-06-26 14:15:00,2024-06-26 15:30:00
33288,33359,-1,"SL",-0.00004,2024,2024-06-26 16:00:00,2024-06-27 10:45:00
33361,33381,1,"SL",-0.00004,2024,2024-06-27 11:15:00,2024-06-27 16:15:00
33386,33438,-1,"SL",-0.00773725709063833,2024,2024-06-27 17:30:00,2024-06-28 07:30:00
33473,33522,1,"SL",-0.0073339397893591,2024,2024-06-28 16:15:00,2024-07-01 05:30:00
33522,33540,-1,"SL",-0.00544710128619483,2024,2024-07-01 05:30:00,2024-07-01 10:00:00
33540,33564,1,"SL",-0.00004,2024,2024-07-01 10:00:00,2024-07-01 16:00:00
33613,33629,1,"SL",-0.00388603765683548,2024,2024-07-02 05:15:00,2024-07-02 09:15:00
33629,33635,-1,"SL",-0.00503001736990143,2024,2024-07-02 09:15:00,2024-07-02 10:45:00
33636,33661,1,"SL",-0.00004,2024,2024-07-02 11:00:00,2024-07-02 17:15:00
33679,33703,-1,"SL",-0.00004,2024,2024-07-02 21:45:00,2024-07-03 04:45:00
33710,33719,1,"TP2",0.00572089048901153,2024,2024-07-03 06:30:00,2024-07-03 08:45:00
33740,33744,1,"SL",-0.00004,2024,2024-07-03 14:00:00,2024-07-03 15:00:00
33788,33795,1,"SL",-0.0026213990957629,2024,2024-07-04 03:00:00,2024-07-04 04:45:00
33819,33843,1,"Trail_SL",0.00535022838324175,2024,2024-07-04 10:45:00,2024-07-04 16:45:00
33868,33880,1,"SL",-0.00350343314702552,2024,2024-07-05 02:30:00,2024-07-05 05:30:00
33887,33891,1,"TP2",0.00626959365456847,2024,2024-07-05 07:15:00,2024-07-05 08:15:00
33942,33962,1,"SL",-0.00723006200162396,2024,2024-07-05 21:00:00,2024-07-08 03:00:00
33966,33987,-1,"Trail_SL",0.00476830060673789,2024,2024-07-08 04:00:00,2024-07-08 09:15:00
33999,34021,1,"SL",-0.00661888975511521,2024,2024-07-08 12:15:00,2024-07-08 17:45:00
34021,34054,-1,"SL",-0.00004,2024,2024-07-08 17:45:00,2024-07-09 03:00:00
34069,34079,1,"SL",-0.00004,2024,2024-07-09 06:45:00,2024-07-09 09:15:00
34095,34106,-1,"SL",-0.00004,2024,2024-07-09 13:15:00,2024-07-09 16:00:00
34144,34150,-1,"SL",-0.00004,2024,2024-07-10 02:30:00,2024-07-10 04:00:00
34155,34171,-1,"SL",-0.00004,2024,2024-07-10 05:15:00,2024-07-10 09:15:00
34172,34180,-1,"SL",-0.00004,2024,2024-07-10 09:30:00,2024-07-10 11:30:00
34188,34205,1,"Trail_SL",0.00579714720600129,2024,2024-07-10 13:30:00,2024-07-10 17:45:00
34222,34250,-1,"SL",-0.00499879114274813,2024,2024-07-10 22:00:00,2024-07-11 06:00:00
34265,34266,-1,"SL",-0.00004,2024,2024-07-11 09:45:00,2024-07-11 10:00:00
34267,34284,-1,"Trail_SL",0.00523621614649579,2024,2024-07-11 10:15:00,2024-07-11 14:30:00
34331,34356,-1,"SL",-0.00004,2024,2024-07-12 03:15:00,2024-07-12 09:30:00
34370,34390,1,"TP2",0.00994366346819151,2024,2024-07-12 13:00:00,2024-07-12 18:00:00
34427,34440,1,"SL",-0.0054949624513955,2024,2024-07-15 04:15:00,2024-07-15 07:30:00
34442,34468,-1,"SL",-0.00004,2024,2024-07-15 08:00:00,2024-07-15 14:30:00
34468,34546,-1,"Trail_SL",0.00738189132887723,2024,2024-07-15 14:30:00,2024-07-16 11:00:00
34560,34570,-1,"SL",-0.00004,2024,2024-07-16 14:30:00,2024-07-16 17:00:00
34581,34632,-1,"SL",-0.00004,2024,2024-07-16 19:45:00,2024-07-17 09:30:00
34640,34649,1,"SL",-0.00729166485506677,2024,2024-07-17 11:30:00,2024-07-17 13:45:00
34649,34656,-1,"SL",-0.00004,2024,2024-07-17 13:45:00,2024-07-17 15:30:00
34703,34719,-1,"SL",-0.00425182881709239,2024,2024-07-18 04:15:00,2024-07-18 08:15:00
34728,34742,-1,"TP2",0.0101046321752555,2024,2024-07-18 10:30:00,2024-07-18 14:00:00
34821,34840,-1,"SL",-0.00004,2024,2024-07-19 10:45:00,2024-07-19 15:30:00
34841,34849,1,"SL",-0.00774328247535129,2024,2024-07-19 15:45:00,2024-07-19 17:45:00
34887,34910,-1,"Trail_SL",0.00423325172305049,2024,2024-07-22 04:15:00,2024-07-22 10:00:00
34922,34940,-1,"Trail_SL",0.00604206513728359,2024,2024-07-22 13:00:00,2024-07-22 17:30:00
34972,34974,-1,"SL",-0.00289134849929292,2024,2024-07-23 02:30:00,2024-07-23 03:00:00
34983,34994,-1,"TP2",0.0068756122042382,2024,2024-07-23 05:15:00,2024-07-23 08:00:00
35022,35028,-1,"SL",-0.0057753718437116,2024,2024-07-23 15:00:00,2024-07-23 16:30:00
35029,35086,-1,"SL",-0.00004,2024,2024-07-23 16:45:00,2024-07-24 08:00:00
35091,35112,1,"SL",-0.0067854909807289,2024,2024-07-24 09:15:00,2024-07-24 14:30:00
35112,35134,-1,"TP2",0.00890844511753802,2024,2024-07-24 14:30:00,2024-07-24 20:00:00
35165,35186,-1,"SL",-0.00737300160796637,2024,2024-07-25 04:45:00,2024-07-25 10:00:00
35204,35206,1,"SL",-0.00004,2024,2024-07-25 14:30:00,2024-07-25 15:00:00
35209,35229,1,"Trail_SL",0.00744692891720609,2024,2024-07-25 15:45:00,2024-07-25 20:45:00
35257,35294,1,"SL",-0.00004,2024,2024-07-26 04:45:00,2024-07-26 14:00:00
35303,35339,-1,"SL",-0.00730523805994632,2024,2024-07-26 16:15:00,2024-07-29 02:15:00
35361,35370,-1,"Trail_SL",0.00575421718628316,2024,2024-07-29 07:45:00,2024-07-29 10:00:00
35385,35457,-1,"SL",-0.00004,2024,2024-07-29 13:45:00,2024-07-30 08:45:00
35468,35494,-1,"SL",-0.00634436311525951,2024,2024-07-30 11:30:00,2024-07-30 18:00:00
35494,35527,1,"Trail_SL",0.00862520061071289,2024,2024-07-30 18:00:00,2024-07-31 03:15:00
35568,35579,1,"Trail_SL",0.00597146157195955,2024,2024-07-31 13:30:00,2024-07-31 16:15:00
35596,35621,1,"SL",-0.00004,2024,2024-07-31 20:30:00,2024-08-01 03:45:00
35640,35647,-1,"TP2",0.0101057820541286,2024,2024-08-01 08:30:00,2024-08-01 10:15:00
35677,35728,-1,"SL",-0.00004,2024,2024-08-01 17:45:00,2024-08-02 07:30:00
35729,35740,1,"SL",-0.00004,2024,2024-08-02 07:45:00,2024-08-02 10:30:00
35785,35796,1,"SL",-0.00644258024297888,2024,2024-08-02 21:45:00,2024-08-05 01:30:00
35796,35802,-1,"SL",-0.00004,2024,2024-08-05 01:30:00,2024-08-05 03:00:00
35806,35813,-1,"SL",-0.00955962797754885,2024,2024-08-05 04:00:00,2024-08-05 05:45:00
35822,35823,-1,"SL",-0.00004,2024,2024-08-05 08:00:00,2024-08-05 08:15:00
35828,35840,-1,"TP2",0.0170056759778966,2024,2024-08-05 09:30:00,2024-08-05 12:30:00
35893,35896,1,"SL",-0.00600826675549675,2024,2024-08-06 02:45:00,2024-08-06 03:30:00
35902,35915,-1,"SL",-0.00004,2024,2024-08-06 05:00:00,2024-08-06 08:15:00
35919,35933,-1,"SL",-0.00004,2024,2024-08-06 09:15:00,2024-08-06 12:45:00
35946,35988,1,"SL",-0.0102947185044735,2024,2024-08-06 16:00:00,2024-08-07 03:30:00
35992,36021,-1,"Trail_SL",0.00698364666087095,2024,2024-08-07 04:30:00,2024-08-07 11:45:00
36044,36078,-1,"SL",-0.00004,2024,2024-08-07 17:30:00,2024-08-08 03:00:00
36090,36103,1,"SL",-0.00521072277466387,2024,2024-08-08 06:00:00,2024-08-08 09:15:00
36111,36177,1,"TP2",0.0123716221974501,2024,2024-08-08 11:15:00,2024-08-09 04:45:00
36199,36225,1,"SL",-0.00685672772898764,2024,2024-08-09 10:15:00,2024-08-09 16:45:00
36226,36262,-1,"SL",-0.00004,2024,2024-08-09 17:00:00,2024-08-12 03:00:00
36271,36283,-1,"SL",-0.00528152475001805,2024,2024-08-12 05:15:00,2024-08-12 08:15:00
36284,36301,1,"TP2",0.00782389314509569,2024,2024-08-12 08:30:00,2024-08-12 12:45:00
36317,36356,1,"SL",-0.00712274118649266,2024,2024-08-12 16:45:00,2024-08-13 03:30:00
36366,36385,-1,"SL",-0.00004,2024,2024-08-13 06:00:00,2024-08-13 10:45:00
36402,36422,-1,"SL",-0.00768409184748437,2024,2024-08-13 15:00:00,2024-08-13 20:00:00
36476,36494,1,"SL",-0.00004,2024,2024-08-14 10:30:00,2024-08-14 15:00:00
36499,36506,1,"SL",-0.00837736196961573,2024,2024-08-14 16:15:00,2024-08-14 18:00:00
36551,36566,1,"TP2",0.00761529568480285,2024,2024-08-15 06:15:00,2024-08-15 10:00:00
36650,36654,1,"SL",-0.00004,2024,2024-08-16 08:00:00,2024-08-16 09:00:00
36660,36678,-1,"SL",-0.00004,2024,2024-08-16 10:30:00,2024-08-16 15:00:00
36691,36722,1,"SL",-0.00004,2024,2024-08-16 18:15:00,2024-08-19 03:00:00
36730,36748,1,"SL",-0.00004,2024,2024-08-19 05:00:00,2024-08-19 09:30:00
36750,36769,1,"SL",-0.00004,2024,2024-08-19 10:00:00,2024-08-19 14:45:00
36788,36812,1,"SL",-0.00004,2024,2024-08-19 19:30:00,2024-08-20 02:30:00
36818,36841,-1,"SL",-0.00412129646509981,2024,2024-08-20 04:00:00,2024-08-20 09:45:00
36841,36862,1,"SL",-0.00004,2024,2024-08-20 09:45:00,2024-08-20 15:00:00
36867,36911,-1,"Trail_SL",0.00570822774106574,2024,2024-08-20 16:15:00,2024-08-21 04:15:00
36924,36927,1,"SL",-0.0037637848013145,2024,2024-08-21 07:30:00,2024-08-21 08:15:00
36927,36954,1,"SL",-0.00004,2024,2024-08-21 08:15:00,2024-08-21 15:00:00
36964,37020,1,"SL",-0.00004,2024,2024-08-21 17:30:00,2024-08-22 08:30:00
37030,37055,-1,"TP2",0.00984785605732159,2024,2024-08-22 11:00:00,2024-08-22 17:15:00
37111,37129,1,"Trail_SL",0.0031004156546834,2024,2024-08-23 08:15:00,2024-08-23 12:45:00
37146,37266,1,"SL",-0.00004,2024,2024-08-23 17:00:00,2024-08-27 01:00:00
37270,37278,-1,"SL",-0.00543648923893389,2024,2024-08-27 02:00:00,2024-08-27 04:00:00
37306,37311,1,"SL",-0.00608980825476034,2024,2024-08-27 11:00:00,2024-08-27 12:15:00
37313,37338,1,"Trail_SL",0.00596760676538128,2024,2024-08-27 12:45:00,2024-08-27 19:00:00
37366,37371,-1,"TP2",0.00376855752140049,2024,2024-08-28 03:00:00,2024-08-28 04:15:00
37428,37470,-1,"SL",-0.00004,2024,2024-08-28 18:30:00,2024-08-29 06:00:00
37477,37486,1,"SL",-0.00413811490080281,2024,2024-08-29 07:45:00,2024-08-29 10:00:00
37487,37496,-1,"SL",-0.00725583974773843,2024,2024-08-29 10:15:00,2024-08-29 12:30:00
37514,37571,1,"Trail_SL",0.0069192066846736,2024,2024-08-29 17:00:00,2024-08-30 08:15:00
37598,37647,-1,"TP2",0.00879025479942925,2024,2024-08-30 15:00:00,2024-09-02 04:15:00
37677,37691,-1,"SL",-0.00004,2024,2024-09-02 11:45:00,2024-09-02 15:15:00
37711,37718,1,"SL",-0.0032550498666716,2024,2024-09-02 20:15:00,2024-09-03 01:30:00
37725,37727,-1,"SL",-0.00311539489915705,2024,2024-09-03 03:15:00,2024-09-03 03:45:00
37735,37744,-1,"SL",-0.00004,2024,2024-09-03 05:45:00,2024-09-03 08:00:00
37816,37824,-1,"SL",-0.00359904093003451,2024,2024-09-04 03:00:00,2024-09-04 05:00:00
37832,37840,-1,"Trail_SL",0.00366058320054499,2024,2024-09-04 07:00:00,2024-09-04 09:00:00
37862,37868,1,"SL",-0.00004,2024,2024-09-04 14:30:00,2024-09-04 16:00:00
37876,37918,1,"SL",-0.00004,2024,2024-09-04 18:00:00,2024-09-05 05:30:00
37930,37936,-1,"Trail_SL",0.0031197055765179,2024,2024-09-05 08:30:00,2024-09-05 10:00:00
37939,37960,1,"TP2",0.01117647780836,2024,2024-09-05 10:45:00,2024-09-05 16:00:00
37994,38002,1,"SL",-0.00249250841175779,2024,2024-09-06 01:30:00,2024-09-06 03:30:00
38025,38046,1,"SL",-0.00004,2024,2024-09-06 09:15:00,2024-09-06 14:30:00
38053,38114,-1,"SL",-0.00004,2024,2024-09-06 16:15:00,2024-09-09 08:30:00
38118,38137,1,"SL",-0.00004,2024,2024-09-09 09:30:00,2024-09-09 14:15:00
38167,38188,1,"SL",-0.00392211409548466,2024,2024-09-09 21:45:00,2024-09-10 04:00:00
38197,38203,-1,"SL",-0.0036075355851668,2024,2024-09-10 06:15:00,2024-09-10 07:45:00
38204,38208,1,"SL",-0.00464797041069182,2024,2024-09-10 08:00:00,2024-09-10 09:00:00
38209,38216,1,"SL",-0.00594526980851619,2024,2024-09-10 09:15:00,2024-09-10 11:00:00
38216,38238,-1,"Trail_SL",0.00577808768020656,2024,2024-09-10 11:00:00,2024-09-10 16:30:00
38275,38278,-1,"SL",-0.00250546916836511,2024,2024-09-11 02:45:00,2024-09-11 03:30:00
38284,38296,1,"Trail_SL",0.00400150686940201,2024,2024-09-11 05:00:00,2024-09-11 08:00:00
38319,38326,1,"SL",-0.00503188686135899,2024,2024-09-11 13:45:00,2024-09-11 15:30:00
38328,38336,-1,"SL",-0.007626419614838,2024,2024-09-11 16:00:00,2024-09-11 18:00:00
38338,38391,1,"Trail_SL",0.00882166807005148,2024,2024-09-11 18:30:00,2024-09-12 08:45:00
38428,38443,-1,"SL",-0.00667992998781499,2024,2024-09-12 18:00:00,2024-09-12 21:45:00
38490,38506,-1,"SL",-0.00004,2024,2024-09-13 10:30:00,2024-09-13 14:30:00
38511,38579,1,"SL",-0.00686286951565803,2024,2024-09-13 15:45:00,2024-09-16 09:45:00
38579,38585,-1,"SL",-0.00591912400623085,2024,2024-09-16 09:45:00,2024-09-16 11:15:00
38588,38601,1,"TP2",0.00967171585710258,2024,2024-09-16 12:00:00,2024-09-16 15:15:00
38651,38656,1,"SL",-0.00332877108923842,2024,2024-09-17 04:45:00,2024-09-17 06:00:00
38668,38678,1,"SL",-0.00505690293982512,2024,2024-09-17 09:00:00,2024-09-17 11:30:00
38690,38697,-1,"SL",-0.0064681208444034,2024,2024-09-17 14:30:00,2024-09-17 16:15:00
38707,38736,-1,"SL",-0.00004,2024,2024-09-17 18:45:00,2024-09-18 03:00:00
38762,38782,1,"Trail_SL",0.00586155270016758,2024,2024-09-18 09:30:00,2024-09-18 14:30:00
38804,38808,1,"SL",-0.00674987684051488,2024,2024-09-18 20:00:00,2024-09-18 21:00:00
38813,38834,-1,"SL",-0.00004,2024,2024-09-18 22:15:00,2024-09-19 04:30:00
38839,38847,1,"SL",-0.00004,2024,2024-09-19 05:45:00,2024-09-19 07:45:00
38847,38855,1,"Trail_SL",0.007888181121154,2024,2024-09-19 07:45:00,2024-09-19 09:45:00
38873,38879,1,"SL",-0.00637030421089406,2024,2024-09-19 14:15:00,2024-09-19 15:45:00
38916,38920,1,"SL",-0.00004,2024,2024-09-20 02:00:00,2024-09-20 03:00:00
38928,38948,1,"SL",-0.00559349224405527,2024,2024-09-20 05:00:00,2024-09-20 10:00:00
38962,38983,-1,"Trail_SL",0.00463467617084589,2024,2024-09-20 13:30:00,2024-09-20 18:45:00
38991,39037,-1,"TP2",0.00788055764866736,2024,2024-09-20 20:45:00,2024-09-23 09:15:00
39038,39059,-1,"SL",-0.00761478658110765,2024,2024-09-23 09:30:00,2024-09-23 14:45:00
39060,39073,1,"SL",-0.00004,2024,2024-09-23 15:00:00,2024-09-23 18:15:00
39082,39104,1,"SL",-0.00004,2024,2024-09-23 20:30:00,2024-09-24 03:00:00
39110,39115,1,"TP2",0.0072232468121859,2024,2024-09-24 04:30:00,2024-09-24 05:45:00
39217,39240,-1,"SL",-0.00004,2024,2024-09-25 08:15:00,2024-09-25 14:00:00
39247,39259,1,"SL",-0.0065587999612539,2024,2024-09-25 15:45:00,2024-09-25 18:45:00
39271,39291,-1,"SL",-0.00424289020257193,2024,2024-09-25 21:45:00,2024-09-26 03:45:00
39291,39294,1,"SL",-0.00433393818747965,2024,2024-09-26 03:45:00,2024-09-26 04:30:00
39298,39305,-1,"SL",-0.00529548704808485,2024,2024-09-26 05:30:00,2024-09-26 07:15:00
39305,39325,1,"TP2",0.00953247337197599,2024,2024-09-26 07:15:00,2024-09-26 12:15:00
39390,39398,1,"SL",-0.00730996546475987,2024,2024-09-27 05:30:00,2024-09-27 07:30:00
39410,39425,1,"SL",-0.00861644074175261,2024,2024-09-27 10:30:00,2024-09-27 14:15:00
39425,39460,-1,"SL",-0.00767039376595348,2024,2024-09-27 14:15:00,2024-09-30 00:15:00
39460,39470,1,"SL",-0.00971344305669504,2024,2024-09-30 00:15:00,2024-09-30 02:45:00
39487,39510,-1,"TP2",0.012192130789663,2024,2024-09-30 07:00:00,2024-09-30 12:45:00
39573,39577,-1,"SL",-0.00445087384536844,2024,2024-10-01 05:30:00,2024-10-01 06:30:00
39600,39613,1,"Trail_SL",0.00605269387346825,2024,2024-10-01 12:15:00,2024-10-01 15:30:00
39649,39656,-1,"SL",-0.00418450609488027,2024,2024-10-02 01:30:00,2024-10-02 03:15:00
39656,39664,1,"TP2",0.00704162014436375,2024,2024-10-02 03:15:00,2024-10-02 05:15:00
39673,39681,-1,"SL",-0.00709793247254785,2024,2024-10-02 07:30:00,2024-10-02 09:30:00
39693,39772,1,"SL",-0.00004,2024,2024-10-02 12:30:00,2024-10-03 09:15:00
39777,39793,-1,"Trail_SL",0.0102580838335075,2024,2024-10-03 10:30:00,2024-10-03 14:30:00
39876,39884,1,"SL",-0.00004,2024,2024-10-04 12:15:00,2024-10-04 14:15:00
39884,39886,1,"SL",-0.00004,2024,2024-10-04 14:15:00,2024-10-04 14:45:00
39893,39948,1,"SL",-0.00004,2024,2024-10-04 16:30:00,2024-10-07 07:15:00
39966,39989,-1,"SL",-0.00004,2024,2024-10-07 11:45:00,2024-10-07 17:30:00
39990,40023,-1,"SL",-0.00820430088429245,2024,2024-10-07 17:45:00,2024-10-08 03:00:00
40030,40068,-1,"SL",-0.00004,2024,2024-10-08 04:45:00,2024-10-08 14:15:00
40112,40115,1,"SL",-0.00004,2024,2024-10-09 02:15:00,2024-10-09 03:00:00
40123,40131,-1,"SL",-0.00550895957760652,2024,2024-10-09 05:00:00,2024-10-09 07:00:00
40131,40139,1,"SL",-0.00680060365874037,2024,2024-10-09 07:00:00,2024-10-09 09:00:00
40140,40163,-1,"TP2",0.0142703450677474,2024,2024-10-09 09:15:00,2024-10-09 15:00:00
40218,40229,1,"SL",-0.00588296140193384,2024,2024-10-10 05:45:00,2024-10-10 08:30:00
40230,40241,-1,"SL",-0.00004,2024,2024-10-10 08:45:00,2024-10-10 11:30:00
40260,40270,1,"SL",-0.00004,2024,2024-10-10 16:15:00,2024-10-10 18:45:00
40293,40301,1,"SL",-0.00351115253666255,2024,2024-10-11 01:30:00,2024-10-11 03:30:00
40308,40321,1,"SL",-0.00518996670638511,2024,2024-10-11 05:15:00,2024-10-11 08:30:00
40328,40379,1,"Trail_SL",0.00667430653044836,2024,2024-10-11 10:15:00,2024-10-14
40380,40441,-1,"Trail_SL",0.0083922384770984,2024,2024-10-14 00:15:00,2024-10-14 15:30:00
40449,40509,-1,"TP2",0.0135415457569536,2024,2024-10-14 17:30:00,2024-10-15 09:30:00
40524,40526,-1,"SL",-0.00535762886638222,2024,2024-10-15 13:15:00,2024-10-15 13:45:00
40539,40602,-1,"SL",-0.00763944284932494,2024,2024-10-15 17:00:00,2024-10-16 09:45:00
40602,40631,1,"SL",-0.00641676740596606,2024,2024-10-16 09:45:00,2024-10-16 17:00:00
40631,40664,-1,"SL",-0.00652638158361671,2024,2024-10-16 17:00:00,2024-10-17 02:15:00
40678,40694,-1,"TP2",0.00975430439236971,2024,2024-10-17 05:45:00,2024-10-17 09:45:00
40764,40769,1,"SL",-0.00004,2024,2024-10-18 04:15:00,2024-10-18 05:30:00
40803,40811,1,"SL",-0.00552882121607901,2024,2024-10-18 14:00:00,2024-10-18 16:00:00
40835,40839,1,"SL",-0.00004,2024,2024-10-18 22:00:00,2024-10-21
40881,40894,1,"SL",-0.00562283076654913,2024,2024-10-21 10:30:00,2024-10-21 13:45:00
40902,40907,-1,"TP2",0.00979117248163554,2024,2024-10-21 15:45:00,2024-10-21 17:00:00
40943,40945,-1,"SL",-0.00308191744561012,2024,2024-10-22 03:00:00,2024-10-22 03:30:00
40967,40995,1,"SL",-0.00556984893319765,2024,2024-10-22 09:00:00,2024-10-22 16:00:00
41001,41046,-1,"SL",-0.00004,2024,2024-10-22 17:30:00,2024-10-23 05:45:00
41054,41057,1,"SL",-0.00438494373489193,2024,2024-10-23 07:45:00,2024-10-23 08:30:00
41060,41085,-1,"Trail_SL",0.00639357671458687,2024,2024-10-23 09:15:00,2024-10-23 15:30:00
41114,41126,-1,"SL",-0.0036570882072871,2024,2024-10-23 22:45:00,2024-10-24 02:45:00
41126,41131,1,"SL",-0.00335854769877522,2024,2024-10-24 02:45:00,2024-10-24 04:00:00
41132,41152,1,"TP2",0.00721261988512106,2024,2024-10-24 04:15:00,2024-10-24 09:15:00
41178,41191,-1,"SL",-0.00004,2024,2024-10-24 15:45:00,2024-10-24 19:00:00
41203,41223,1,"SL",-0.00374082474709211,2024,2024-10-24 22:00:00,2024-10-25 04:00:00
41231,41247,-1,"SL",-0.00004,2024,2024-10-25 06:00:00,2024-10-25 10:00:00
41265,41285,1,"Trail_SL",0.0049879112885355,2024,2024-10-25 14:30:00,2024-10-25 19:30:00
41306,41311,1,"SL",-0.00348946152946427,2024,2024-10-28 00:45:00,2024-10-28 02:00:00
41313,41329,-1,"SL",-0.00004,2024,2024-10-28 02:30:00,2024-10-28 06:30:00
41335,41341,1,"SL",-0.0046513163361166,2024,2024-10-28 08:00:00,2024-10-28 09:30:00
41344,41350,-1,"SL",-0.00549434859775713,2024,2024-10-28 10:15:00,2024-10-28 11:45:00
41356,41366,-1,"SL",-0.00508721394321388,2024,2024-10-28 13:15:00,2024-10-28 15:45:00
41368,41413,1,"SL",-0.00565194475123839,2024,2024-10-28 16:15:00,2024-10-29 04:30:00
41416,41428,-1,"SL",-0.00397554176401871,2024,2024-10-29 05:15:00,2024-10-29 08:15:00
41432,41435,1,"Trail_SL",0.00669777976888086,2024,2024-10-29 09:15:00,2024-10-29 10:00:00
41458,41546,-1,"SL",-0.00004,2024,2024-10-29 15:45:00,2024-10-30 14:45:00
41547,41646,1,"SL",-0.00649435930860121,2024,2024-10-30 15:00:00,2024-10-31 16:45:00
41656,41673,-1,"SL",-0.00488943231786589,2024,2024-10-31 19:15:00,2024-11-01 00:30:00
41690,41698,1,"SL",-0.00416861732144079,2024,2024-11-01 04:45:00,2024-11-01 06:45:00
41698,41704,1,"SL",-0.00389048979901208,2024,2024-11-01 06:45:00,2024-11-01 08:15:00
41704,41711,-1,"SL",-0.00427453730995191,2024,2024-11-01 08:15:00,2024-11-01 10:00:00
41720,41725,-1,"SL",-0.00467505139559357,2024,2024-11-01 12:15:00,2024-11-01 13:30:00
41725,41726,1,"SL",-0.00004,2024,2024-11-01 13:30:00,2024-11-01 13:45:00
41728,41731,1,"SL",-0.00661694927301503,2024,2024-11-01 14:15:00,2024-11-01 15:00:00
41739,41768,-1,"SL",-0.00700280957128239,2024,2024-11-01 17:00:00,2024-11-04 02:15:00
41823,41902,1,"Trail_SL",0.00855045043338122,2024,2024-11-04 16:00:00,2024-11-05 12:45:00
41903,41915,1,"SL",-0.00004,2024,2024-11-05 13:00:00,2024-11-05 16:00:00
41943,41949,-1,"Trail_SL",0.00412071326754009,2024,2024-11-06,2024-11-06 01:30:00
41991,41999,-1,"TP2",0.0135314885879749,2024,2024-11-06 12:00:00,2024-11-06 14:00:00
42061,42084,1,"Trail_SL",0.00528107735748493,2024,2024-11-07 06:30:00,2024-11-07 12:15:00
42093,42141,1,"SL",-0.00004,2024,2024-11-07 14:30:00,2024-11-08 03:30:00
42156,42163,-1,"SL",-0.00004,2024,2024-11-08 07:15:00,2024-11-08 09:00:00
42163,42165,-1,"SL",-0.00939550930699685,2024,2024-11-08 09:00:00,2024-11-08 09:30:00
42195,42286,-1,"TP2",0.0121717858289805,2024,2024-11-08 17:00:00,2024-11-11 16:45:00
42329,42343,-1,"TP2",0.00772915797703315,2024,2024-11-12 04:30:00,2024-11-12 08:00:00
42384,42444,-1,"SL",-0.00004,2024,2024-11-12 18:15:00,2024-11-13 10:15:00
42453,42471,-1,"Trail_SL",0.00605520753898267,2024,2024-11-13 12:30:00,2024-11-13 17:00:00
42511,42533,-1,"Trail_SL",0.00627153911852878,2024,2024-11-14 04:00:00,2024-11-14 09:30:00
42535,42552,-1,"SL",-0.0079096874950343,2024,2024-11-14 10:00:00,2024-11-14 14:15:00
42554,42633,1,"TP2",0.0130166430253934,2024,2024-11-14 14:45:00,2024-11-15 11:30:00
42653,42692,-1,"SL",-0.00004,2024,2024-11-15 16:30:00,2024-11-18 03:15:00
42727,42735,-1,"SL",-0.00004,2024,2024-11-18 12:00:00,2024-11-18 14:00:00
42743,42779,1,"Trail_SL",0.00858976418360835,2024,2024-11-18 16:00:00,2024-11-19 02:00:00
42786,42803,1,"SL",-0.00004,2024,2024-11-19 03:45:00,2024-11-19 08:00:00
42805,42809,1,"SL",-0.00564331544699178,2024,2024-11-19 08:30:00,2024-11-19 09:30:00
42814,42843,-1,"SL",-0.00823969505103911,2024,2024-11-19 10:45:00,2024-11-19 18:00:00
42878,42891,1,"SL",-0.00405166864393525,2024,2024-11-20 03:45:00,2024-11-20 07:00:00
42929,43020,-1,"SL",-0.00004,2024,2024-11-20 16:30:00,2024-11-21 16:15:00
43027,43080,-1,"SL",-0.00004,2024,2024-11-21 18:00:00,2024-11-22 08:15:00
43090,43139,-1,"SL",-0.00710544442118325,2024,2024-11-22 10:45:00,2024-11-25
43139,43156,1,"Trail_SL",0.00493401630160753,2024,2024-11-25,2024-11-25 04:15:00
43198,43212,1,"SL",-0.00576470671410882,2024,2024-11-25 14:45:00,2024-11-25 18:15:00
43212,43233,-1,"SL",-0.00004,2024,2024-11-25 18:15:00,2024-11-26 00:30:00
43233,43239,-1,"SL",-0.00004,2024,2024-11-26 00:30:00,2024-11-26 02:00:00
43266,43271,-1,"SL",-0.00597807394542612,2024,2024-11-26 08:45:00,2024-11-26 10:00:00
43278,43290,1,"SL",-0.00004,2024,2024-11-26 11:45:00,2024-11-26 14:45:00
43296,43355,-1,"SL",-0.00688454453893809,2024,2024-11-26 16:15:00,2024-11-27 08:00:00
43379,43382,-1,"SL",-0.00542864525177907,2024,2024-11-27 14:00:00,2024-11-27 14:45:00
43394,43487,-1,"SL",-0.00004,2024,2024-11-27 17:45:00,2024-11-28 18:00:00
43487,43499,1,"SL",-0.00401289671644663,2024,2024-11-28 18:00:00,2024-11-29 00:30:00
43506,43523,1,"Trail_SL",0.00301944405923261,2024,2024-11-29 02:15:00,2024-11-29 06:30:00
43539,43580,-1,"SL",-0.00004,2024,2024-11-29 10:30:00,2024-12-02
43580,43616,-1,"TP2",0.00787346781530526,2024,2024-12-02,2024-12-02 09:00:00
43625,43682,1,"SL",-0.00004,2024,2024-12-02 11:15:00,2024-12-03 02:30:00
43702,43712,1,"TP2",0.00763208551844158,2024,2024-12-03 07:30:00,2024-12-03 10:00:00
43735,43820,1,"SL",-0.010111000836355,2024,2024-12-03 15:45:00,2024-12-04 14:00:00
43828,43899,1,"SL",-0.00004,2024,2024-12-04 16:00:00,2024-12-05 10:45:00
43913,43964,-1,"SL",-0.00588633432980654,2024,2024-12-05 14:15:00,2024-12-06 04:00:00
43967,43981,1,"SL",-0.00404324732881022,2024,2024-12-06 04:45:00,2024-12-06 08:15:00
43988,44004,1,"SL",-0.00547391200672846,2024,2024-12-06 10:00:00,2024-12-06 14:00:00
44013,44073,-1,"SL",-0.00004,2024,2024-12-06 16:15:00,2024-12-09 08:15:00
44073,44074,1,"SL",-0.00004,2024,2024-12-09 08:15:00,2024-12-09 08:30:00
44158,44178,-1,"SL",-0.00004,2024,2024-12-10 06:30:00,2024-12-10 11:30:00
44196,44199,1,"SL",-0.00004,2024,2024-12-10 16:00:00,2024-12-10 16:45:00
44225,44236,1,"TP2",0.00484382466751452,2024,2024-12-11 00:15:00,2024-12-11 03:00:00
44257,44276,-1,"SL",-0.00004,2024,2024-12-11 08:15:00,2024-12-11 13:00:00
44318,44325,-1,"SL",-0.00319688840221428,2024,2024-12-12 00:30:00,2024-12-12 02:15:00
44326,44337,1,"TP2",0.00544987414018395,2024,2024-12-12 02:30:00,2024-12-12 05:15:00
44364,44388,-1,"Trail_SL",0.00864530356590441,2024,2024-12-12 12:00:00,2024-12-12 18:00:00
44404,44436,-1,"SL",-0.00004,2024,2024-12-12 22:00:00,2024-12-13 07:00:00
44443,44475,-1,"TP2",0.00742063287082928,2024,2024-12-13 08:45:00,2024-12-13 16:45:00
44494,44500,-1,"SL",-0.00321845374596985,2024,2024-12-13 21:30:00,2024-12-16
44512,44536,-1,"SL",-0.00004,2024,2024-12-16 03:00:00,2024-12-16 09:00:00
44556,44562,1,"SL",-0.00004,2024,2024-12-16 14:00:00,2024-12-16 15:30:00
44582,44629,-1,"TP2",0.00594994223293321,2024,2024-12-16 20:30:00,2024-12-17 09:15:00
44702,44722,-1,"SL",-0.00314878728910094,2024,2024-12-18 04:30:00,2024-12-18 09:30:00
44727,44753,1,"Trail_SL",0.0030471943948897,2024,2024-12-18 10:45:00,2024-12-18 17:15:00
44761,44764,1,"SL",-0.00452673098332514,2024,2024-12-18 19:15:00,2024-12-18 20:00:00
44764,44770,-1,"TP2",0.00850609468733455,2024,2024-12-18 20:00:00,2024-12-18 21:30:00
44796,44878,-1,"SL",-0.00004,2024,2024-12-19 05:00:00,2024-12-20 02:30:00
44885,44902,1,"SL",-0.00354090427964097,2024,2024-12-20 04:15:00,2024-12-20 08:30:00
44909,44942,1,"SL",-0.00004,2024,2024-12-20 10:15:00,2024-12-20 18:30:00
44960,44988,1,"Trail_SL",0.00368565564244399,2024,2024-12-23,2024-12-23 07:00:00
45004,45014,1,"SL",-0.00435257147985647,2024,2024-12-23 11:00:00,2024-12-23 13:30:00
45018,45038,-1,"Trail_SL",0.00476141135841834,2024,2024-12-23 14:30:00,2024-12-23 19:30:00
45079,45088,1,"SL",-0.00004,2024,2024-12-24 06:45:00,2024-12-24 09:00:00
45141,45151,1,"SL",-0.00004,2024,2024-12-26 02:30:00,2024-12-26 05:00:00
45155,45166,-1,"Trail_SL",0.00294859824282047,2024,2024-12-26 06:00:00,2024-12-26 08:45:00
45176,45187,1,"TP2",0.0066980386854672,2024,2024-12-26 11:15:00,2024-12-26 14:00:00
45203,45249,1,"SL",-0.00004,2024,2024-12-26 18:00:00,2024-12-27 06:30:00
45258,45285,-1,"SL",-0.00365352794138772,2024,2024-12-27 08:45:00,2024-12-27 15:30:00
45292,45349,1,"SL",-0.00004,2024,2024-12-27 17:15:00,2024-12-30 08:30:00
45352,45364,-1,"SL",-0.00004,2024,2024-12-30 09:15:00,2024-12-30 12:15:00
45413,45417,-1,"SL",-0.00223893080499036,2024,2024-12-31 01:30:00,2024-12-31 02:30:00
45418,45430,-1,"Trail_SL",0.00229156750074109,2024,2024-12-31 02:45:00,2024-12-31 05:45:00
45432,45434,-1,"SL",-0.00004,2024,2024-12-31 06:15:00,2024-12-31 06:45:00
45488,45505,-1,"SL",-0.00430594767000002,2024,2024-12-31 20:15:00,2025-01-02 01:30:00
45512,45531,1,"SL",-0.00447811303467108,2025,2025-01-02 03:15:00,2025-01-02 08:00:00
45531,45550,-1,"Trail_SL",0.00438821779433213,2025,2025-01-02 08:00:00,2025-01-02 12:45:00
45562,45572,-1,"SL",-0.00567701181909039,2025,2025-01-02 15:45:00,2025-01-02 18:15:00
45584,45607,1,"SL",-0.00004,2025,2025-01-02 21:15:00,2025-01-03 04:00:00
45623,45627,-1,"SL",-0.00398890274873321,2025,2025-01-03 08:00:00,2025-01-03 09:00:00
45640,45651,1,"TP2",0.00749264563373898,2025,2025-01-03 12:15:00,2025-01-03 15:00:00
45698,45707,1,"SL",-0.00445295845088678,2025,2025-01-06 03:45:00,2025-01-06 06:00:00
45722,45730,1,"SL",-0.00460081628233008,2025,2025-01-06 09:45:00,2025-01-06 11:45:00
45731,45734,1,"TP2",0.00982723270473286,2025,2025-01-06 12:00:00,2025-01-06 12:45:00
45738,45744,1,"SL",-0.00004,2025,2025-01-06 13:45:00,2025-01-06 15:15:00
45760,45824,1,"Trail_SL",0.00731001153559737,2025,2025-01-06 19:15:00,2025-01-07 12:15:00
45835,45905,1,"SL",-0.00004,2025,2025-01-07 15:00:00,2025-01-08 09:30:00
45917,45927,-1,"SL",-0.00632197635438596,2025,2025-01-08 12:30:00,2025-01-08 15:00:00
45927,45971,1,"TP2",0.0116813391281588,2025,2025-01-08 15:00:00,2025-01-09 03:00:00
45972,45999,1,"TP2",0.00630885061598164,2025,2025-01-09 03:15:00,2025-01-09 10:00:00
46001,46016,1,"TP2",0.00725763682131125,2025,2025-01-09 10:30:00,2025-01-09 14:15:00
46061,46081,1,"SL",-0.00381103268390233,2025,2025-01-10 02:30:00,2025-01-10 07:30:00
46089,46091,1,"SL",-0.00503508409838769,2025,2025-01-10 09:30:00,2025-01-10 10:00:00
46106,46109,1,"SL",-0.00587165992923573,2025,2025-01-10 13:45:00,2025-01-10 14:30:00
46116,46120,1,"SL",-0.00882706172512481,2025,2025-01-10 16:15:00,2025-01-10 17:15:00
46120,46183,-1,"SL",-0.00921308834812638,2025,2025-01-10 17:15:00,2025-01-13 10:00:00
46185,46214,1,"SL",-0.00004,2025,2025-01-13 10:30:00,2025-01-13 17:45:00
46237,46248,1,"SL",-0.00004,2025,2025-01-14 00:30:00,2025-01-14 03:15:00
46290,46292,-1,"SL",-0.00004,2025,2025-01-14 13:45:00,2025-01-14 14:15:00
46302,46307,1,"SL",-0.00649871150058096,2025,2025-01-14 16:45:00,2025-01-14 18:00:00
46310,46383,1,"SL",-0.00004,2025,2025-01-14 18:45:00,2025-01-15 14:00:00
46386,46419,1,"Trail_SL",0.00890004760698798,2025,2025-01-15 14:45:00,2025-01-16
46426,46427,1,"SL",-0.00004,2025,2025-01-16 01:45:00,2025-01-16 02:00:00
46453,46465,1,"SL",-0.00004,2025,2025-01-16 08:30:00,2025-01-16 11:30:00
46483,46562,1,"SL",-0.00004,2025,2025-01-16 16:00:00,2025-01-17 12:45:00
46565,46567,-1,"SL",-0.00004,2025,2025-01-17 13:30:00,2025-01-17 14:00:00
46598,46618,-1,"Trail_SL",0.00411797612875908,2025,2025-01-17 21:45:00,2025-01-20 04:30:00
46657,46658,1,"SL",-0.00004,2025,2025-01-20 14:15:00,2025-01-20 14:30:00
46665,46689,-1,"SL",-0.00004,2025,2025-01-20 16:15:00,2025-01-21 01:45:00
46695,46733,-1,"SL",-0.00004,2025,2025-01-21 03:15:00,2025-01-21 12:45:00
46743,46786,1,"SL",-0.00004,2025,2025-01-21 15:15:00,2025-01-22 03:00:00
46803,46814,-1,"SL",-0.00429954406465687,2025,2025-01-22 07:15:00,2025-01-22 10:00:00
46816,46836,1,"SL",-0.00568474185880745,2025,2025-01-22 10:30:00,2025-01-22 15:30:00
46837,46902,-1,"Trail_SL",0.00896273899586071,2025,2025-01-22 15:45:00,2025-01-23 09:00:00
46924,46935,1,"TP2",0.00796258546661107,2025,2025-01-23 14:30:00,2025-01-23 17:15:00
46961,46971,1,"TP2",0.00452104993244479,2025,2025-01-24 00:45:00,2025-01-24 03:15:00
46996,47006,1,"SL",-0.00516100244458441,2025,2025-01-24 09:30:00,2025-01-24 12:00:00
47018,47059,-1,"TP2",0.00944114729234553,2025,2025-01-24 15:00:00,2025-01-27 02:00:00
47077,47085,-1,"TP2",0.00638957698289555,2025,2025-01-27 06:30:00,2025-01-27 08:30:00
47086,47089,-1,"SL",-0.0055157304300991,2025,2025-01-27 08:45:00,2025-01-27 09:30:00
47093,47109,-1,"SL",-0.00660273087712494,2025,2025-01-27 10:30:00,2025-01-27 14:30:00
47116,47144,-1,"SL",-0.00004,2025,2025-01-27 16:15:00,2025-01-28 00:15:00
47152,47214,1,"SL",-0.00626212425755855,2025,2025-01-28 02:15:00,2025-01-28 17:45:00
47216,47264,-1,"Trail_SL",0.00771216111201381,2025,2025-01-28 18:15:00,2025-01-29 07:15:00
47271,47278,-1,"SL",-0.00383277706394314,2025,2025-01-29 09:00:00,2025-01-29 10:45:00
47282,47292,1,"Trail_SL",0.00537730727532529,2025,2025-01-29 11:45:00,2025-01-29 14:15:00
47333,47341,1,"SL",-0.00363108431335048,2025,2025-01-30 01:30:00,2025-01-30 03:30:00
47365,47389,1,"TP2",0.00608731661151483,2025,2025-01-30 09:30:00,2025-01-30 15:30:00
47431,47456,1,"SL",-0.00410463463430404,2025,2025-01-31 03:00:00,2025-01-31 09:15:00
47461,47483,-1,"Trail_SL",0.00437201955464183,2025,2025-01-31 10:30:00,2025-01-31 16:00:00
47484,47506,-1,"SL",-0.00004,2025,2025-01-31 16:15:00,2025-01-31 21:45:00
47513,47543,-1,"SL",-0.00004,2025,2025-02-03 00:30:00,2025-02-03 08:00:00
47552,47579,1,"TP2",0.0108731660761638,2025,2025-02-03 10:15:00,2025-02-03 17:00:00
47652,47702,1,"Trail_SL",0.00607942560784451,2025,2025-02-04 12:15:00,2025-02-05 01:45:00
47714,47732,1,"Trail_SL",0.00511114958631456,2025,2025-02-05 04:45:00,2025-02-05 09:15:00
47753,47757,-1,"SL",-0.00631676310243588,2025,2025-02-05 14:30:00,2025-02-05 15:30:00
47761,47771,1,"TP2",0.0104102750029307,2025,2025-02-05 16:30:00,2025-02-05 19:00:00
47794,47822,1,"Trail_SL",0.00791242281891458,2025,2025-02-06 01:45:00,2025-02-06 08:45:00
47849,47850,-1,"SL",-0.00004,2025,2025-02-06 15:30:00,2025-02-06 15:45:00
47880,47892,1,"TP2",0.00562797959743287,2025,2025-02-07 00:15:00,2025-02-07 03:15:00
47915,47919,1,"SL",-0.00004,2025,2025-02-07 09:00:00,2025-02-07 10:00:00
47966,47984,1,"Trail_SL",0.00466801435444631,2025,2025-02-07 21:45:00,2025-02-10 03:15:00
47988,48029,1,"TP2",0.0109474328419992,2025,2025-02-10 04:15:00,2025-02-10 14:30:00
48095,48110,-1,"TP2",0.00895080765123497,2025,2025-02-11 08:00:00,2025-02-11 11:45:00
48178,48186,-1,"SL",-0.00439747886997861,2025,2025-02-12 05:45:00,2025-02-12 07:45:00
48196,48222,1,"TP2",0.00884600207737454,2025,2025-02-12 10:15:00,2025-02-12 16:45:00
48264,48278,1,"SL",-0.00004,2025,2025-02-13 04:15:00,2025-02-13 07:45:00
48302,48305,1,"SL",-0.00688187741225092,2025,2025-02-13 13:45:00,2025-02-13 14:30:00
48313,48352,1,"Trail_SL",0.00945199015718044,2025,2025-02-13 16:30:00,2025-02-14 03:15:00
48353,48354,1,"SL",-0.00004,2025,2025-02-14 03:30:00,2025-02-14 03:45:00
48396,48397,-1,"SL",-0.00004,2025,2025-02-14 14:15:00,2025-02-14 14:30:00
48425,48518,-1,"Trail_SL",0.00845833732972057,2025,2025-02-14 21:30:00,2025-02-18 01:15:00
48526,48531,-1,"SL",-0.00459710617774169,2025,2025-02-18 03:15:00,2025-02-18 04:30:00
48544,48577,-1,"TP2",0.00834881289418753,2025,2025-02-18 07:45:00,2025-02-18 16:15:00
48600,48620,1,"SL",-0.00401406316557993,2025,2025-02-18 22:00:00,2025-02-19 04:00:00
48637,48655,1,"SL",-0.00004,2025,2025-02-19 08:15:00,2025-02-19 12:45:00
48666,48671,-1,"SL",-0.00004,2025,2025-02-19 15:30:00,2025-02-19 16:45:00
48671,48725,-1,"SL",-0.00735309025966039,2025,2025-02-19 16:45:00,2025-02-20 07:00:00
48736,48747,1,"SL",-0.00004,2025,2025-02-20 09:45:00,2025-02-20 12:30:00
48798,48804,-1,"SL",-0.00004,2025,2025-02-21 02:00:00,2025-02-21 03:30:00
48830,48883,-1,"SL",-0.00004,2025,2025-02-21 10:00:00,2025-02-24 00:15:00
48883,48890,-1,"SL",-0.00004,2025,2025-02-24 00:15:00,2025-02-24 02:00:00
48896,48913,1,"SL",-0.00600787245371992,2025,2025-02-24 03:30:00,2025-02-24 07:45:00
48939,48950,-1,"Trail_SL",0.00469671812241504,2025,2025-02-24 14:15:00,2025-02-24 17:00:00
48966,49013,-1,"Trail_SL",0.00572639821738565,2025,2025-02-24 21:00:00,2025-02-25 09:45:00
49017,49030,1,"Trail_SL",0.00644917548187396,2025,2025-02-25 10:45:00,2025-02-25 14:00:00
49040,49062,-1,"SL",-0.00941172479411583,2025,2025-02-25 16:30:00,2025-02-25 22:00:00
49062,49076,1,"TP2",0.0174054995449485,2025,2025-02-25 22:00:00,2025-02-26 02:15:00
49089,49112,1,"SL",-0.00869878844371358,2025,2025-02-26 05:30:00,2025-02-26 11:15:00
49127,49133,-1,"SL",-0.00004,2025,2025-02-26 15:00:00,2025-02-26 16:30:00
49169,49188,-1,"SL",-0.00004,2025,2025-02-27 02:30:00,2025-02-27 07:15:00
49204,49218,1,"Trail_SL",0.00643255565474521,2025,2025-02-27 11:15:00,2025-02-27 14:45:00
49242,49283,-1,"TP2",0.0117124052774823,2025,2025-02-27 20:45:00,2025-02-28 08:00:00
49314,49324,-1,"SL",-0.00811199246709543,2025,2025-02-28 15:45:00,2025-02-28 18:15:00
49339,49344,1,"TP2",0.00727064252828893,2025,2025-02-28 22:00:00,2025-03-03 00:15:00
49370,49386,-1,"SL",-0.00004,2025,2025-03-03 06:45:00,2025-03-03 10:45:00
49388,49401,1,"TP2",0.010018667054746,2025,2025-03-03 11:15:00,2025-03-03 14:30:00
49426,49436,-1,"SL",-0.00780755162362523,2025,2025-03-03 20:45:00,2025-03-04 00:15:00
49436,49442,1,"SL",-0.00750052932866408,2025,2025-03-04 00:15:00,2025-03-04 01:45:00
49444,49485,-1,"Trail_SL",0.00804179405316969,2025,2025-03-04 02:15:00,2025-03-04 12:30:00
49495,49500,1,"SL",-0.0096708595289161,2025,2025-03-04 15:00:00,2025-03-04 16:15:00
49502,49544,-1,"SL",-0.0108271772481717,2025,2025-03-04 16:45:00,2025-03-05 04:00:00
49551,49559,1,"TP2",0.012423510921127,2025,2025-03-05 05:45:00,2025-03-05 07:45:00
49594,49660,1,"SL",-0.0120721111760455,2025,2025-03-05 16:30:00,2025-03-06 10:00:00
49682,49685,1,"SL",-0.00897748732566442,2025,2025-03-06 15:30:00,2025-03-06 16:15:00
49709,49744,-1,"SL",-0.00004,2025,2025-03-06 22:15:00,2025-03-07 08:00:00
49765,49770,-1,"SL",-0.00004,2025,2025-03-07 13:15:00,2025-03-07 14:30:00
49783,49860,-1,"SL",-0.00004,2025,2025-03-07 17:45:00,2025-03-10 13:00:00
49869,49912,-1,"SL",-0.00004,2025,2025-03-10 15:15:00,2025-03-11 03:00:00
49934,49944,1,"TP2",0.00960693979251584,2025,2025-03-11 08:30:00,2025-03-11 11:00:00
49976,50013,1,"Trail_SL",0.00812203029098549,2025,2025-03-11 19:00:00,2025-03-12 05:15:00
50020,50023,1,"SL",-0.00620313952907824,2025,2025-03-12 07:00:00,2025-03-12 07:45:00
50032,50042,1,"TP2",0.0115505805969627,2025,2025-03-12 10:00:00,2025-03-12 12:30:00
50106,50115,-1,"SL",-0.00004,2025,2025-03-13 05:30:00,2025-03-13 07:45:00
50142,50153,1,"TP2",0.0114052774824858,2025,2025-03-13 14:30:00,2025-03-13 17:15:00
50182,50217,1,"Trail_SL",0.00431384807458196,2025,2025-03-14 01:15:00,2025-03-14 10:00:00
50233,50301,-1,"SL",-0.00004,2025,2025-03-14 14:00:00,2025-03-17 08:00:00
50309,50314,-1,"SL",-0.00524326759210344,2025,2025-03-17 10:00:00,2025-03-17 11:15:00
50314,50321,1,"SL",-0.00004,2025,2025-03-17 11:15:00,2025-03-17 13:00:00
50327,50343,1,"TP2",0.0110069583864003,2025,2025-03-17 14:30:00,2025-03-17 18:30:00
50368,50369,1,"SL",-0.00004,2025,2025-03-18 01:45:00,2025-03-18 02:00:00
50413,50421,1,"SL",-0.00555273098812896,2025,2025-03-18 13:00:00,2025-03-18 15:00:00
50435,50512,1,"TP2",0.0117726775691792,2025,2025-03-18 18:30:00,2025-03-19 14:45:00
50568,50583,1,"SL",-0.00414761305493667,2025,2025-03-20 05:30:00,2025-03-20 09:15:00
50590,50597,-1,"SL",-0.00658895481057024,2025,2025-03-20 11:00:00,2025-03-20 12:45:00
50601,50608,-1,"SL",-0.00004,2025,2025-03-20 13:45:00,2025-03-20 15:30:00
50628,50654,1,"SL",-0.00004,2025,2025-03-20 20:30:00,2025-03-21 04:00:00
50657,50664,-1,"SL",-0.00004,2025,2025-03-21 04:45:00,2025-03-21 06:30:00
50664,50666,-1,"SL",-0.004127770083981,2025,2025-03-21 06:30:00,2025-03-21 07:00:00
50669,50684,-1,"TP2",0.00891721948933803,2025,2025-03-21 07:45:00,2025-03-21 11:30:00
50702,50709,-1,"SL",-0.00802358382116644,2025,2025-03-21 16:00:00,2025-03-21 17:45:00
50727,50740,1,"SL",-0.00004,2025,2025-03-23 23:00:00,2025-03-24 02:15:00
50741,50746,1,"SL",-0.00004,2025,2025-03-24 02:30:00,2025-03-24 03:45:00
50754,50764,1,"TP2",0.00672864910923209,2025,2025-03-24 05:45:00,2025-03-24 08:15:00
50783,50790,1,"SL",-0.00604357518520699,2025,2025-03-24 13:00:00,2025-03-24 14:45:00
50791,50830,-1,"Trail_SL",0.00793314382665798,2025,2025-03-24 15:00:00,2025-03-25 01:45:00
50860,50882,1,"TP2",0.00841692974436842,2025,2025-03-25 09:15:00,2025-03-25 14:45:00
50946,50978,1,"SL",-0.00867446585796054,2025,2025-03-26 07:45:00,2025-03-26 15:45:00
50979,51021,-1,"SL",-0.00004,2025,2025-03-26 16:00:00,2025-03-27 03:30:00
51037,51063,-1,"TP2",0.00935408638898506,2025,2025-03-27 07:30:00,2025-03-27 14:00:00
51066,51067,-1,"SL",-0.00004,2025,2025-03-27 14:45:00,2025-03-27 15:00:00
51088,51111,-1,"SL",-0.00004,2025,2025-03-27 20:15:00,2025-03-28 03:00:00
51137,51141,-1,"SL",-0.00666294934011493,2025,2025-03-28 09:30:00,2025-03-28 10:30:00
51149,51161,1,"Trail_SL",0.00552166236974858,2025,2025-03-28 12:30:00,2025-03-28 15:30:00
51168,51215,1,"SL",-0.00986178318214852,2025,2025-03-28 17:15:00,2025-03-31 07:00:00
51228,51245,-1,"SL",-0.00004,2025,2025-03-31 10:15:00,2025-03-31 14:30:00
51249,51253,-1,"SL",-0.0103943206829683,2025,2025-03-31 15:30:00,2025-03-31 16:30:00
51254,51299,-1,"SL",-0.011694500124078,2025,2025-03-31 16:45:00,2025-04-01 04:45:00
51319,51328,1,"SL",-0.0083189027122258,2025,2025-04-01 09:45:00,2025-04-01 12:00:00
51331,51347,-1,"SL",-0.00004,2025,2025-04-01 12:45:00,2025-04-01 16:45:00
51355,51416,-1,"SL",-0.00911668607695927,2025,2025-04-01 18:45:00,2025-04-02 11:00:00
51416,51423,1,"SL",-0.00666050113109651,2025,2025-04-02 11:00:00,2025-04-02 12:45:00
51425,51435,1,"SL",-0.00744085060433039,2025,2025-04-02 13:15:00,2025-04-02 15:45:00
51440,51460,-1,"SL",-0.0083512345724982,2025,2025-04-02 17:00:00,2025-04-02 22:00:00
51460,51461,1,"SL",-0.00962597264360658,2025,2025-04-02 22:00:00,2025-04-02 22:15:00
51468,51585,-1,"Trail_SL",0.0302188605480249,2025,2025-04-03 01:00:00,2025-04-04 07:15:00
51592,51599,-1,"TP2",0.0123528101917323,2025,2025-04-04 09:00:00,2025-04-04 10:45:00
51693,51702,-1,"SL",-0.0285913740422079,2025,2025-04-07 11:15:00,2025-04-07 13:30:00
51709,51713,-1,"SL",-0.0361534475863094,2025,2025-04-07 15:15:00,2025-04-07 16:15:00
51721,51878,-1,"SL",-0.00004,2025,2025-04-07 18:15:00,2025-04-09 11:30:00
51897,51909,1,"SL",-0.00004,2025,2025-04-09 16:15:00,2025-04-09 19:15:00
51909,51965,1,"SL",-0.00004,2025,2025-04-09 19:15:00,2025-04-10 10:15:00
51999,52046,-1,"SL",-0.0188575537818075,2025,2025-04-10 18:45:00,2025-04-11 07:30:00
52080,52108,1,"TP2",0.0250875548580596,2025,2025-04-11 16:00:00,2025-04-14
52150,52165,1,"SL",-0.00004,2025,2025-04-14 10:30:00,2025-04-14 14:15:00
52182,52232,1,"SL",-0.00004,2025,2025-04-14 18:30:00,2025-04-15 07:45:00
52246,52258,-1,"TP2",0.0146276666798199,2025,2025-04-15 11:15:00,2025-04-15 14:15:00
52282,52322,1,"SL",-0.00808445212840136,2025,2025-04-15 20:15:00,2025-04-16 07:15:00
52335,52350,1,"SL",-0.0101272078797993,2025,2025-04-16 10:30:00,2025-04-16 14:15:00
52353,52362,1,"TP2",0.0138313516671001,2025,2025-04-16 15:00:00,2025-04-16 17:15:00
52388,52396,1,"SL",-0.00004,2025,2025-04-17 00:45:00,2025-04-17 02:45:00
52396,52398,1,"SL",-0.00806281293486574,2025,2025-04-17 02:45:00,2025-04-17 03:15:00
52417,52422,-1,"SL",-0.00004,2025,2025-04-17 08:00:00,2025-04-17 09:15:00
52455,52461,1,"Trail_SL",0.00928711573166299,2025,2025-04-17 17:30:00,2025-04-17 19:00:00
52487,52527,1,"TP2",0.0121340760669056,2025,2025-04-21 02:30:00,2025-04-21 12:30:00
52535,52545,1,"SL",-0.0085001471812647,2025,2025-04-21 14:30:00,2025-04-21 17:00:00
52552,52590,-1,"SL",-0.00971623523985385,2025,2025-04-21 18:45:00,2025-04-22 05:15:00
52612,52623,-1,"SL",-0.00824266568315898,2025,2025-04-22 10:45:00,2025-04-22 13:30:00
52624,52625,1,"SL",-0.00004,2025,2025-04-22 13:45:00,2025-04-22 14:00:00
52665,52680,1,"Trail_SL",0.00684719542725536,2025,2025-04-23 01:00:00,2025-04-23 04:45:00
52693,52698,1,"SL",-0.00724969772361986,2025,2025-04-23 08:00:00,2025-04-23 09:15:00
52705,52724,1,"SL",-0.00711157254577851,2025,2025-04-23 11:00:00,2025-04-23 15:45:00
52724,52727,-1,"SL",-0.00004,2025,2025-04-23 15:45:00,2025-04-23 16:30:00
52752,52798,-1,"SL",-0.00700217084458326,2025,2025-04-23 22:45:00,2025-04-24 11:15:00
52801,52812,1,"SL",-0.00632092703325669,2025,2025-04-24 12:00:00,2025-04-24 14:45:00
52823,52839,-1,"SL",-0.00886411491864116,2025,2025-04-24 17:30:00,2025-04-24 21:30:00
52873,52876,-1,"SL",-0.00004,2025,2025-04-25 07:00:00,2025-04-25 07:45:00
52915,52916,1,"SL",-0.00004,2025,2025-04-25 17:30:00,2025-04-25 17:45:00
52938,52941,1,"SL",-0.00660627971538521,2025,2025-04-28 00:15:00,2025-04-28 01:00:00
52951,52967,-1,"SL",-0.00845086229139492,2025,2025-04-28 03:30:00,2025-04-28 07:30:00
52986,53000,1,"Trail_SL",0.00618599665912172,2025,2025-04-28 12:15:00,2025-04-28 15:45:00
53025,53049,1,"SL",-0.00004,2025,2025-04-28 22:00:00,2025-04-29 04:45:00
53054,53069,-1,"SL",-0.00653643434883846,2025,2025-04-29 06:00:00,2025-04-29 09:45:00
53069,53090,1,"Trail_SL",0.00622663208064968,2025,2025-04-29 09:45:00,2025-04-29 15:00:00
53094,53138,-1,"Trail_SL",0.0128279597060776,2025,2025-04-29 16:00:00,2025-04-30 04:00:00
53159,53160,-1,"SL",-0.00004,2025,2025-04-30 09:15:00,2025-04-30 09:30:00
53240,53247,-1,"SL",-0.0065613092923678,2025,2025-05-01 06:15:00,2025-05-01 08:00:00
53247,53271,1,"SL",-0.00004,2025,2025-05-01 08:00:00,2025-05-01 14:00:00
53280,53287,1,"SL",-0.010295911091168,2025,2025-05-01 16:15:00,2025-05-01 18:00:00
53298,53324,-1,"SL",-0.00880355652065013,2025,2025-05-01 20:45:00,2025-05-02 04:15:00
53324,53348,1,"SL",-0.00004,2025,2025-05-02 04:15:00,2025-05-02 10:15:00
53362,53365,-1,"SL",-0.00894094461237375,2025,2025-05-02 13:45:00,2025-05-02 14:30:00
53376,53412,-1,"SL",-0.0130095456830114,2025,2025-05-02 17:15:00,2025-05-05 03:00:00
53415,53438,1,"TP2",0.0121043407629571,2025,2025-05-05 03:45:00,2025-05-05 09:30:00
53467,53513,-1,"SL",-0.0106583596628314,2025,2025-05-05 16:45:00,2025-05-06 05:15:00
53530,53539,-1,"SL",-0.00004,2025,2025-05-06 09:30:00,2025-05-06 11:45:00
53548,53579,1,"Trail_SL",0.00911758515788714,2025,2025-05-06 14:00:00,2025-05-06 21:45:00
53589,53597,1,"SL",-0.00677031418714724,2025,2025-05-07 01:15:00,2025-05-07 03:15:00
53601,53640,-1,"Trail_SL",0.00956501027532217,2025,2025-05-07 04:15:00,2025-05-07 14:00:00
53660,53690,-1,"SL",-0.00004,2025,2025-05-07 19:00:00,2025-05-08 03:30:00
53709,53710,-1,"SL",-0.00004,2025,2025-05-08 08:15:00,2025-05-08 08:30:00
53737,53745,1,"SL",-0.0109224018764588,2025,2025-05-08 15:15:00,2025-05-08 17:15:00
53776,53782,-1,"Trail_SL",0.0102300885740043,2025,2025-05-09 02:00:00,2025-05-09 03:30:00
53805,53806,-1,"SL",-0.00995057600111185,2025,2025-05-09 09:15:00,2025-05-09 09:30:00
53811,53869,1,"Trail_SL",0.0209893632390527,2025,2025-05-09 10:45:00,2025-05-12 02:15:00
53896,53897,1,"SL",-0.00870959158637142,2025,2025-05-12 09:00:00,2025-05-12 09:15:00
53903,53979,-1,"SL",-0.00004,2025,2025-05-12 10:45:00,2025-05-13 06:30:00
53979,53987,1,"SL",-0.00004,2025,2025-05-13 06:30:00,2025-05-13 08:30:00
54001,54009,1,"SL",-0.00694995603639923,2025,2025-05-13 12:00:00,2025-05-13 14:00:00
54018,54057,1,"SL",-0.00004,2025,2025-05-13 16:15:00,2025-05-14 03:00:00
54063,54079,-1,"SL",-0.0056183655963995,2025,2025-05-14 04:30:00,2025-05-14 08:30:00
54084,54096,1,"SL",-0.0084248272940881,2025,2025-05-14 09:45:00,2025-05-14 12:45:00
54096,54149,-1,"Trail_SL",0.00833231700069571,2025,2025-05-14 12:45:00,2025-05-15 03:00:00
54158,54179,-1,"Trail_SL",0.00672210194395414,2025,2025-05-15 05:15:00,2025-05-15 10:30:00
54183,54191,-1,"SL",-0.00798676835567472,2025,2025-05-15 11:30:00,2025-05-15 13:30:00
54191,54200,1,"SL",-0.00804719187348992,2025,2025-05-15 13:30:00,2025-05-15 15:45:00
54207,54259,1,"SL",-0.00004,2025,2025-05-15 17:30:00,2025-05-16 07:30:00
54265,54269,-1,"SL",-0.00004,2025,2025-05-16 09:00:00,2025-05-16 10:00:00
54300,54357,-1,"SL",-0.00926469660551736,2025,2025-05-16 17:45:00,2025-05-19 09:00:00
54357,54423,1,"Trail_SL",0.00782165658269004,2025,2025-05-19 09:00:00,2025-05-20 02:15:00
54442,54450,-1,"Trail_SL",0.00576180382466445,2025,2025-05-20 07:00:00,2025-05-20 09:00:00
54482,54515,1,"Trail_SL",0.00828853726942836,2025,2025-05-20 17:00:00,2025-05-21 02:00:00
54527,54553,1,"SL",-0.00590420992281738,2025,2025-05-21 05:00:00,2025-05-21 11:30:00
54575,54584,1,"SL",-0.00727880998401699,2025,2025-05-21 17:00:00,2025-05-21 19:15:00
54584,54615,-1,"SL",-0.00711150109160867,2025,2025-05-21 19:15:00,2025-05-22 03:45:00
54643,54644,-1,"SL",-0.00004,2025,2025-05-22 10:45:00,2025-05-22 11:00:00
54673,54733,1,"Trail_SL",0.00947889804678283,2025,2025-05-22 18:15:00,2025-05-23 10:15:00
54734,54747,1,"SL",-0.00744490079032817,2025,2025-05-23 10:30:00,2025-05-23 13:45:00
54747,54750,-1,"SL",-0.00922648797755788,2025,2025-05-23 13:45:00,2025-05-23 14:30:00
54752,54755,-1,"SL",-0.0116779350120633,2025,2025-05-23 15:00:00,2025-05-23 15:45:00
54756,54771,1,"TP2",0.0209650100462214,2025,2025-05-23 16:00:00,2025-05-23 19:45:00
54790,54805,1,"SL",-0.00004,2025,2025-05-26 01:30:00,2025-05-26 05:15:00
54810,54820,1,"SL",-0.00552790608512206,2025,2025-05-26 06:30:00,2025-05-26 09:00:00
54845,54855,-1,"SL",-0.00487277756180653,2025,2025-05-26 15:15:00,2025-05-26 17:45:00
54884,54898,-1,"Trail_SL",0.00502716627627336,2025,2025-05-27 04:30:00,2025-05-27 08:00:00
54938,54994,-1,"SL",-0.00004,2025,2025-05-27 18:00:00,2025-05-28 09:00:00
54998,55011,1,"SL",-0.0069196455958704,2025,2025-05-28 10:00:00,2025-05-28 13:15:00
55012,55016,1,"SL",-0.00668840788808877,2025,2025-05-28 13:30:00,2025-05-28 14:30:00
55019,55056,-1,"SL",-0.00004,2025,2025-05-28 15:15:00,2025-05-29 01:30:00
55083,55091,1,"SL",-0.00004,2025,2025-05-29 08:15:00,2025-05-29 10:15:00
55106,55113,1,"SL",-0.00729681406227007,2025,2025-05-29 14:00:00,2025-05-29 15:45:00
55114,55180,-1,"SL",-0.00004,2025,2025-05-29 16:00:00,2025-05-30 09:30:00
55195,55202,1,"SL",-0.00004,2025,2025-05-30 13:15:00,2025-05-30 15:00:00
55208,55234,-1,"SL",-0.00943431582331561,2025,2025-05-30 16:30:00,2025-06-02
55293,55336,1,"SL",-0.0104248231715704,2025,2025-06-02 14:45:00,2025-06-03 02:15:00
55387,55437,1,"Trail_SL",0.0104976324950298,2025,2025-06-03 15:00:00,2025-06-04 04:30:00
55438,55450,1,"SL",-0.00529452508260591,2025,2025-06-04 04:45:00,2025-06-04 07:45:00
55462,55469,1,"SL",-0.00599197176099006,2025,2025-06-04 10:45:00,2025-06-04 12:30:00
55472,55484,-1,"SL",-0.00631858108081383,2025,2025-06-04 13:15:00,2025-06-04 16:15:00
55494,55534,1,"SL",-0.00004,2025,2025-06-04 18:45:00,2025-06-05 05:45:00
55547,55556,1,"Trail_SL",0.00940586454269502,2025,2025-06-05 09:00:00,2025-06-05 11:15:00
55582,55665,-1,"SL",-0.00004,2025,2025-06-05 17:45:00,2025-06-06 15:15:00
55666,55671,1,"SL",-0.0106948194533257,2025,2025-06-06 15:30:00,2025-06-06 16:45:00
55677,55757,-1,"SL",-0.0108016410025292,2025,2025-06-06 18:15:00,2025-06-09 15:15:00
55797,55807,-1,"SL",-0.00004,2025,2025-06-10 02:15:00,2025-06-10 04:45:00
55808,55817,-1,"SL",-0.00004,2025,2025-06-10 05:00:00,2025-06-10 07:15:00
55817,55832,-1,"SL",-0.00597508350500585,2025,2025-06-10 07:15:00,2025-06-10 11:00:00
55848,55880,1,"SL",-0.00738171062289318,2025,2025-06-10 15:00:00,2025-06-11
55880,55892,-1,"SL",-0.00537512053851051,2025,2025-06-11,2025-06-11 03:00:00
55892,55898,1,"SL",-0.00531510451012416,2025,2025-06-11 03:00:00,2025-06-11 04:30:00
55900,55924,-1,"Trail_SL",0.0108768185852626,2025,2025-06-11 05:00:00,2025-06-11 11:00:00
55962,56002,-1,"SL",-0.00801061330417099,2025,2025-06-11 20:30:00,2025-06-12 07:30:00
56003,56008,1,"SL",-0.0047013949300729,2025,2025-06-12 07:45:00,2025-06-12 09:00:00
56009,56010,-1,"SL",-0.00004,2025,2025-06-12 09:15:00,2025-06-12 09:30:00
56034,56074,1,"SL",-0.00004,2025,2025-06-12 15:30:00,2025-06-13 02:15:00
56085,56097,-1,"SL",-0.00819840797914143,2025,2025-06-13 05:00:00,2025-06-13 08:00:00
56099,56113,-1,"SL",-0.00004,2025,2025-06-13 08:30:00,2025-06-13 12:00:00
56134,56152,1,"SL",-0.00999235479822872,2025,2025-06-13 17:15:00,2025-06-13 21:45:00
56155,56165,-1,"SL",-0.00721052753984344,2025,2025-06-13 22:30:00,2025-06-16 02:00:00
56172,56200,1,"Trail_SL",0.00732730735856664,2025,2025-06-16 03:45:00,2025-06-16 10:45:00
56228,56315,1,"SL",-0.00851819855662393,2025,2025-06-16 17:45:00,2025-06-17 16:30:00
56321,56376,-1,"SL",-0.00850172376989979,2025,2025-06-17 18:00:00,2025-06-18 08:45:00
56391,56404,1,"SL",-0.00531813044373069,2025,2025-06-18 12:30:00,2025-06-18 15:45:00
56411,56465,1,"SL",-0.00689041970043478,2025,2025-06-18 17:30:00,2025-06-19 07:45:00
56499,56518,-1,"SL",-0.00671027342081544,2025,2025-06-19 16:15:00,2025-06-20 00:30:00
56531,56548,-1,"Trail_SL",0.00453179298885809,2025,2025-06-20 03:45:00,2025-06-20 08:00:00
56561,56562,1,"SL",-0.00004,2025,2025-06-20 11:15:00,2025-06-20 11:30:00
56608,56630,-1,"SL",-0.00619577563598386,2025,2025-06-23,2025-06-23 05:30:00
56633,56685,1,"TP2",0.0102535101529086,2025,2025-06-23 06:15:00,2025-06-23 19:15:00
56725,56739,1,"SL",-0.00004,2025,2025-06-24 06:00:00,2025-06-24 09:30:00
56747,56762,1,"SL",-0.00886423281570572,2025,2025-06-24 11:30:00,2025-06-24 15:15:00
56762,56806,-1,"SL",-0.0101758763334444,2025,2025-06-24 15:15:00,2025-06-25 03:15:00
56819,56824,-1,"SL",-0.00536837362090059,2025,2025-06-25 06:30:00,2025-06-25 07:45:00
56828,56837,1,"SL",-0.00578363525202331,2025,2025-06-25 08:45:00,2025-06-25 11:00:00
56838,56850,-1,"SL",-0.00725769392253397,2025,2025-06-25 11:15:00,2025-06-25 14:15:00
56861,56867,-1,"SL",-0.0062480958627689,2025,2025-06-25 17:00:00,2025-06-25 18:30:00
56867,56924,1,"TP2",0.00997952511182706,2025,2025-06-25 18:30:00,2025-06-26 09:30:00
56951,57023,1,"SL",-0.0101276957862553,2025,2025-06-26 16:15:00,2025-06-27 11:15:00
57024,57040,-1,"SL",-0.00004,2025,2025-06-27 11:30:00,2025-06-27 15:30:00
57047,57130,1,"SL",-0.00992334358531148,2025,2025-06-27 17:15:00,2025-06-30 15:00:00
57136,57141,-1,"SL",-0.00004,2025,2025-06-30 16:30:00,2025-06-30 17:45:00
57143,57174,-1,"SL",-0.00700978011595557,2025,2025-06-30 18:15:00,2025-07-01 03:00:00
57181,57193,-1,"SL",-0.00455288193492387,2025,2025-07-01 04:45:00,2025-07-01 07:45:00
57193,57196,1,"TP2",0.00636013020564202,2025,2025-07-01 07:45:00,2025-07-01 08:30:00
57219,57229,1,"SL",-0.00004,2025,2025-07-01 14:15:00,2025-07-01 16:45:00
57234,57315,-1,"SL",-0.00955707366752625,2025,2025-07-01 18:00:00,2025-07-02 15:00:00
57390,57393,1,"SL",-0.00479988483992112,2025,2025-07-03 10:30:00,2025-07-03 11:15:00
57394,57398,-1,"SL",-0.00598924384276364,2025,2025-07-03 11:30:00,2025-07-03 12:30:00
57400,57410,-1,"SL",-0.00004,2025,2025-07-03 13:00:00,2025-07-03 15:30:00
57410,57447,-1,"Trail_SL",0.00816163962939632,2025,2025-07-03 15:30:00,2025-07-04 01:45:00
57460,57472,-1,"SL",-0.00004,2025,2025-07-04 05:00:00,2025-07-04 08:00:00
57477,57516,-1,"SL",-0.00660448294441338,2025,2025-07-04 09:15:00,2025-07-07
57517,57528,1,"SL",-0.00570559575162757,2025,2025-07-07 00:15:00,2025-07-07 03:00:00
57528,57558,-1,"Trail_SL",0.00585193466005908,2025,2025-07-07 03:00:00,2025-07-07 10:30:00
57578,57586,-1,"SL",-0.00624474858318559,2025,2025-07-07 15:30:00,2025-07-07 17:30:00
57588,57597,1,"SL",-0.00672910820693717,2025,2025-07-07 18:00:00,2025-07-07 20:15:00
57597,57644,-1,"SL",-0.00581478996658954,2025,2025-07-07 20:15:00,2025-07-08 08:45:00
57648,57650,1,"SL",-0.00525321519260052,2025,2025-07-08 09:45:00,2025-07-08 10:15:00
57666,57671,1,"SL",-0.00684301201641891,2025,2025-07-08 14:15:00,2025-07-08 15:30:00
57671,57684,-1,"SL",-0.00770954768807661,2025,2025-07-08 15:30:00,2025-07-08 18:45:00
57684,57688,1,"SL",-0.0386232743592218,2025,2025-07-08 18:45:00,2025-07-08 19:45:00
57705,57739,1,"SL",-0.00004,2025,2025-07-09 01:00:00,2025-07-09 09:30:00
57769,57802,-1,"SL",-0.0188770233092676,2025,2025-07-09 17:00:00,2025-07-10 02:15:00
57802,57803,1,"SL",-0.00004,2025,2025-07-10 02:15:00,2025-07-10 02:30:00
57832,57848,1,"SL",-0.00962629629411686,2025,2025-07-10 09:45:00,2025-07-10 13:45:00
57868,57891,-1,"SL",-0.0102570232627017,2025,2025-07-10 18:45:00,2025-07-11 01:30:00
57891,57894,1,"SL",-0.00651359320449773,2025,2025-07-11 01:30:00,2025-07-11 02:15:00
57902,57925,-1,"TP2",0.0123982331492738,2025,2025-07-11 04:15:00,2025-07-11 10:00:00
57956,57970,1,"SL",-0.00004,2025,2025-07-11 17:45:00,2025-07-11 21:15:00
58018,58041,-1,"Trail_SL",0.00853529774288193,2025,2025-07-14 10:15:00,2025-07-14 16:00:00
58061,58069,1,"SL",-0.00691745416404262,2025,2025-07-14 21:00:00,2025-07-15
58091,58102,-1,"SL",-0.00598268446517069,2025,2025-07-15 05:30:00,2025-07-15 08:15:00
58111,58133,1,"SL",-0.00722643451241987,2025,2025-07-15 10:30:00,2025-07-15 16:00:00
58135,58143,-1,"SL",-0.00878173857030209,2025,2025-07-15 16:30:00,2025-07-15 18:30:00
58144,58159,1,"SL",-0.0102032059927411,2025,2025-07-15 18:45:00,2025-07-15 22:30:00
58160,58219,-1,"SL",-0.00813525706268325,2025,2025-07-15 22:45:00,2025-07-16 14:15:00
58219,58224,1,"SL",-0.00677155876536574,2025,2025-07-16 14:15:00,2025-07-16 15:30:00
58226,58232,-1,"SL",-0.00809190955534368,2025,2025-07-16 16:00:00,2025-07-16 17:30:00
58238,58313,1,"SL",-0.00897001525811488,2025,2025-07-16 19:00:00,2025-07-17 14:45:00
58325,58364,-1,"SL",-0.00638856401118573,2025,2025-07-17 17:45:00,2025-07-18 04:30:00
58380,58381,1,"SL",-0.00004,2025,2025-07-18 08:30:00,2025-07-18 08:45:00
58384,58398,1,"Trail_SL",0.00471906692359035,2025,2025-07-18 09:30:00,2025-07-18 13:00:00
58415,58482,1,"Trail_SL",0.00945093041970734,2025,2025-07-18 17:15:00,2025-07-21 11:00:00
58485,58556,1,"SL",-0.00737186879616075,2025,2025-07-21 11:45:00,2025-07-22 06:30:00
58568,58591,1,"Trail_SL",0.00640312190308193,2025,2025-07-22 09:30:00,2025-07-22 15:15:00
58601,58633,1,"TP2",0.0136473457675172,2025,2025-07-22 17:45:00,2025-07-23 02:45:00
58646,58658,1,"SL",-0.006565581696059,2025,2025-07-23 06:00:00,2025-07-23 09:00:00
58665,58683,1,"TP2",0.0127670791226552,2025,2025-07-23 10:45:00,2025-07-23 15:15:00
58734,58748,1,"Trail_SL",0.00864847254053244,2025,2025-07-24 05:00:00,2025-07-24 08:30:00
58772,58773,-1,"SL",-0.00004,2025,2025-07-24 14:30:00,2025-07-24 14:45:00
58824,58835,-1,"SL",-0.00004,2025,2025-07-25 04:30:00,2025-07-25 07:15:00
58838,58839,-1,"SL",-0.00004,2025,2025-07-25 08:00:00,2025-07-25 08:15:00
58855,58881,-1,"SL",-0.00004,2025,2025-07-25 12:15:00,2025-07-25 18:45:00
58882,58898,-1,"SL",-0.00904750299644471,2025,2025-07-25 19:00:00,2025-07-28
58898,58912,1,"SL",-0.00671515953210976,2025,2025-07-28,2025-07-28 03:30:00
58922,58930,-1,"SL",-0.00504463850154564,2025,2025-07-28 06:00:00,2025-07-28 08:00:00
58938,58953,-1,"SL",-0.00658502057860928,2025,2025-07-28 10:00:00,2025-07-28 13:45:00
58953,58957,1,"SL",-0.00607456018339204,2025,2025-07-28 13:45:00,2025-07-28 14:45:00
58960,58964,-1,"Trail_SL",0.0122885281056367,2025,2025-07-28 15:30:00,2025-07-28 16:30:00
58972,59162,-1,"SL",-0.00004,2025,2025-07-28 18:30:00,2025-07-30 20:00:00
59169,59976,-1,"SL",-0.00004,2025,2025-07-30 21:45:00,2025-08-12 16:30:00
60029,60042,1,"Trail_SL",0.00301638615262977,2025,2025-08-13 06:45:00,2025-08-13 10:00:00
60062,60102,-1,"SL",-0.00004,2025,2025-08-13 15:00:00,2025-08-14 02:00:00
60123,60130,-1,"SL",-0.00004,2025,2025-08-14 07:15:00,2025-08-14 09:00:00
60149,60154,-1,"Trail_SL",0.00237834244769704,2025,2025-08-14 13:45:00,2025-08-14 15:00:00
60155,60161,-1,"SL",-0.00004,2025,2025-08-14 15:15:00,2025-08-14 16:45:00
60164,60178,-1,"SL",-0.00601778664909354,2025,2025-08-14 17:30:00,2025-08-14 21:00:00
60212,60223,1,"SL",-0.00315978334883119,2025,2025-08-15 06:30:00,2025-08-15 09:15:00
60234,60246,-1,"SL",-0.00434863979864554,2025,2025-08-15 12:00:00,2025-08-15 15:00:00
60247,60257,1,"SL",-0.00004,2025,2025-08-15 15:15:00,2025-08-15 17:45:00
60261,60315,1,"SL",-0.00598774599744507,2025,2025-08-15 18:45:00,2025-08-18 10:00:00
60328,60336,-1,"SL",-0.00004,2025,2025-08-18 13:15:00,2025-08-18 15:15:00
60359,60403,1,"SL",-0.00004,2025,2025-08-18 21:00:00,2025-08-19 09:00:00
60406,60419,1,"SL",-0.00374681463965386,2025,2025-08-19 09:45:00,2025-08-19 13:00:00
60481,60490,-1,"SL",-0.00267872067030335,2025,2025-08-20 05:30:00,2025-08-20 07:45:00
60503,60521,-1,"SL",-0.00379256379829848,2025,2025-08-20 11:00:00,2025-08-20 15:30:00
60527,60539,1,"SL",-0.00004,2025,2025-08-20 17:00:00,2025-08-20 20:00:00
60562,60567,1,"SL",-0.00208281083915153,2025,2025-08-21 02:45:00,2025-08-21 04:00:00
60585,60588,-1,"SL",-0.00004,2025,2025-08-21 08:30:00,2025-08-21 09:15:00
60611,60615,1,"SL",-0.00004,2025,2025-08-21 15:00:00,2025-08-21 16:00:00
60641,60677,1,"SL",-0.00292964203581658,2025,2025-08-21 22:30:00,2025-08-22 08:30:00
60684,60690,1,"SL",-0.00331624907444248,2025,2025-08-22 10:15:00,2025-08-22 11:45:00
60699,60707,-1,"SL",-0.00342772173951323,2025,2025-08-22 14:00:00,2025-08-22 16:00:00
60709,60777,1,"SL",-0.00004,2025,2025-08-22 16:30:00,2025-08-25 10:15:00
60791,60793,1,"SL",-0.00004,2025,2025-08-25 13:45:00,2025-08-25 14:15:00
60798,60817,1,"SL",-0.00565518774645003,2025,2025-08-25 15:30:00,2025-08-25 20:15:00
60839,60859,1,"SL",-0.00311195482253868,2025,2025-08-26 02:45:00,2025-08-26 07:45:00
60861,60868,-1,"Trail_SL",0.00307289169590273,2025,2025-08-26 08:15:00,2025-08-26 10:00:00
60890,60938,1,"SL",-0.00004,2025,2025-08-26 15:30:00,2025-08-27 04:30:00
60945,60950,-1,"SL",-0.00004,2025,2025-08-27 06:15:00,2025-08-27 07:30:00
61007,61048,1,"SL",-0.00004,2025,2025-08-27 21:45:00,2025-08-28 09:00:00
61053,61078,1,"TP2",0.00700015923454088,2025,2025-08-28 10:15:00,2025-08-28 16:30:00
61120,61136,1,"TP2",0.00458766028827028,2025,2025-08-29 04:00:00,2025-08-29 08:00:00
61158,61231,1,"Trail_SL",0.00571695689437531,2025,2025-08-29 13:30:00,2025-09-01 08:45:00
61257,61288,-1,"SL",-0.00004,2025,2025-09-01 15:15:00,2025-09-02 02:30:00
61291,61298,1,"SL",-0.00004,2025,2025-09-02 03:15:00,2025-09-02 05:00:00
61299,61311,1,"SL",-0.00344926172400439,2025,2025-09-02 05:15:00,2025-09-02 08:15:00
61311,61315,-1,"SL",-0.00004,2025,2025-09-02 08:15:00,2025-09-02 09:15:00
61338,61342,-1,"SL",-0.00604832736979129,2025,2025-09-02 15:00:00,2025-09-02 16:00:00
61345,61382,1,"Trail_SL",0.00925665675671716,2025,2025-09-02 16:45:00,2025-09-03 03:00:00
61411,61420,1,"SL",-0.0052001763417459,2025,2025-09-03 10:15:00,2025-09-03 12:30:00
61428,61432,-1,"SL",-0.00577092728211168,2025,2025-09-03 14:30:00,2025-09-03 15:30:00
61434,61482,-1,"Trail_SL",0.00885304385936288,2025,2025-09-03 16:00:00,2025-09-04 05:00:00
61511,61520,-1,"SL",-0.00004,2025,2025-09-04 12:15:00,2025-09-04 14:30:00
61534,61571,-1,"SL",-0.00493754516397918,2025,2025-09-04 18:00:00,2025-09-05 04:15:00
61572,61585,1,"TP2",0.00442085506231356,2025,2025-09-05 04:30:00,2025-09-05 07:45:00
61612,61614,1,"SL",-0.00489384500025692,2025,2025-09-05 14:30:00,2025-09-05 15:00:00
61619,61647,-1,"SL",-0.00004,2025,2025-09-05 16:15:00,2025-09-08 00:15:00
61660,61669,1,"SL",-0.00414149257498778,2025,2025-09-08 03:30:00,2025-09-08 05:45:00
61707,61714,-1,"SL",-0.00467744957571073,2025,2025-09-08 15:15:00,2025-09-08 17:00:00
61714,61759,1,"SL",-0.00004,2025,2025-09-08 17:00:00,2025-09-09 05:15:00
61759,61773,1,"SL",-0.00004,2025,2025-09-09 05:15:00,2025-09-09 08:45:00
61786,61789,1,"SL",-0.00464662740909278,2025,2025-09-09 12:00:00,2025-09-09 12:45:00
61794,61850,-1,"SL",-0.00469099347132191,2025,2025-09-09 14:00:00,2025-09-10 05:00:00
61851,61865,1,"SL",-0.00004,2025,2025-09-10 05:15:00,2025-09-10 08:45:00
61881,61885,-1,"SL",-0.00303769222604186,2025,2025-09-10 12:45:00,2025-09-10 13:45:00
61889,61903,1,"TP2",0.00551103418063972,2025,2025-09-10 14:45:00,2025-09-10 18:15:00
61957,61958,1,"SL",-0.00004,2025,2025-09-11 08:45:00,2025-09-11 09:00:00
61986,62022,1,"Trail_SL",0.00778063116029396,2025,2025-09-11 16:00:00,2025-09-12 02:00:00
62032,62046,1,"SL",-0.00004,2025,2025-09-12 04:30:00,2025-09-12 08:00:00
62062,62070,1,"SL",-0.00430582515242821,2025,2025-09-12 12:00:00,2025-09-12 14:00:00
62072,62078,-1,"SL",-0.00502115941837402,2025,2025-09-12 14:30:00,2025-09-12 16:00:00
62102,62122,-1,"SL",-0.00297109925882538,2025,2025-09-12 22:00:00,2025-09-15 04:00:00
62151,62166,-1,"SL",-0.00376079212099594,2025,2025-09-15 11:15:00,2025-09-15 15:00:00
62205,62213,1,"SL",-0.00224497164596865,2025,2025-09-16 01:45:00,2025-09-16 03:45:00
62217,62234,-1,"SL",-0.00356171105480198,2025,2025-09-16 04:45:00,2025-09-16 09:00:00
62242,62256,1,"SL",-0.00417134044277636,2025,2025-09-16 11:00:00,2025-09-16 14:30:00
62265,62304,1,"SL",-0.00559180039024994,2025,2025-09-16 16:45:00,2025-09-17 03:30:00
62330,62332,-1,"SL",-0.00004,2025,2025-09-17 10:00:00,2025-09-17 10:30:00
62378,62420,-1,"SL",-0.00004,2025,2025-09-17 22:00:00,2025-09-18 09:30:00
62422,62439,1,"SL",-0.00456699939430204,2025,2025-09-18 10:00:00,2025-09-18 14:15:00
62444,62454,-1,"SL",-0.00520141870164244,2025,2025-09-18 15:30:00,2025-09-18 18:00:00
62481,62487,-1,"SL",-0.00195488782487138,2025,2025-09-19 01:45:00,2025-09-19 03:15:00
62490,62504,1,"Trail_SL",0.00240296957293793,2025,2025-09-19 04:00:00,2025-09-19 07:30:00
62517,62562,1,"Trail_SL",0.00414175309177556,2025,2025-09-19 10:45:00,2025-09-19 22:00:00
62616,62626,1,"SL",-0.00368991104094201,2025,2025-09-22 12:30:00,2025-09-22 15:00:00
62626,62633,-1,"SL",-0.00004,2025,2025-09-22 15:00:00,2025-09-22 16:45:00
62648,62674,1,"SL",-0.00004,2025,2025-09-22 20:30:00,2025-09-23 04:00:00
62689,62703,-1,"SL",-0.00248051627923537,2025,2025-09-23 07:45:00,2025-09-23 11:15:00
62715,62720,1,"SL",-0.00290147830070792,2025,2025-09-23 14:15:00,2025-09-23 15:30:00
62729,62799,1,"SL",-0.00390185799439209,2025,2025-09-23 17:45:00,2025-09-24 12:15:00
62813,62854,1,"Trail_SL",0.0158177524297682,2025,2025-09-24 15:45:00,2025-09-25 03:00:00
62858,62881,1,"SL",-0.00004,2025,2025-09-25 04:00:00,2025-09-25 09:45:00
62889,62896,1,"SL",-0.0115234926798543,2025,2025-09-25 11:45:00,2025-09-25 13:30:00
62899,62964,-1,"SL",-0.00004,2025,2025-09-25 14:15:00,2025-09-26 07:30:00
62971,62975,-1,"SL",-0.00004,2025,2025-09-26 09:15:00,2025-09-26 10:15:00
63000,63009,-1,"SL",-0.0080161262850158,2025,2025-09-26 16:30:00,2025-09-26 18:45:00
63009,63083,1,"Trail_SL",0.0103361165271128,2025,2025-09-26 18:45:00,2025-09-29 14:00:00
63087,63091,1,"Trail_SL",0.00883957731946117,2025,2025-09-29 15:00:00,2025-09-29 16:00:00
63094,63179,1,"SL",-0.0102476960733818,2025,2025-09-29 16:45:00,2025-09-30 15:00:00
63183,63198,-1,"SL",-0.00004,2025,2025-09-30 16:00:00,2025-09-30 19:45:00
63202,63231,1,"SL",-0.00711389759526152,2025,2025-09-30 20:45:00,2025-10-01 05:00:00
63259,63269,1,"SL",-0.00004,2025,2025-10-01 12:00:00,2025-10-01 14:30:00
63276,63283,-1,"SL",-0.00893124675518269,2025,2025-10-01 16:15:00,2025-10-01 18:00:00
63308,63315,1,"SL",-0.00423796035919344,2025,2025-10-02 01:15:00,2025-10-02 03:00:00
63322,63351,1,"TP2",0.00974148891259241,2025,2025-10-02 04:45:00,2025-10-02 12:00:00
63370,63411,-1,"SL",-0.011713816405635,2025,2025-10-02 16:45:00,2025-10-03 04:00:00
63414,63438,1,"TP2",0.00896663752704271,2025,2025-10-03 04:45:00,2025-10-03 10:45:00
63456,63457,1,"SL",-0.00004,2025,2025-10-03 15:15:00,2025-10-03 15:30:00
63500,63507,1,"SL",-0.00004,2025,2025-10-06 03:15:00,2025-10-06 05:00:00
63526,63545,-1,"SL",-0.00004,2025,2025-10-06 09:45:00,2025-10-06 14:30:00
63563,63599,-1,"SL",-0.0071886832583683,2025,2025-10-06 19:00:00,2025-10-07 05:00:00
63635,63640,1,"Trail_SL",0.00448342337302014,2025,2025-10-07 14:00:00,2025-10-07 15:15:00
63664,63705,-1,"SL",-0.00791047569201917,2025,2025-10-07 21:15:00,2025-10-08 08:30:00
63733,63775,-1,"SL",-0.00004,2025,2025-10-08 15:30:00,2025-10-09 03:00:00
63782,63820,1,"TP2",0.0148724666733202,2025,2025-10-09 04:45:00,2025-10-09 14:15:00
63839,63926,-1,"TP2",0.0234659424688913,2025,2025-10-09 19:00:00,2025-10-10 17:45:00
63958,63971,1,"SL",-0.0199242944480779,2025,2025-10-13 02:30:00,2025-10-13 05:45:00
63996,64009,1,"TP2",0.0173232539614852,2025,2025-10-13 12:00:00,2025-10-13 15:15:00
64047,64055,1,"SL",-0.00823480567761599,2025,2025-10-14 01:45:00,2025-10-14 03:45:00
64070,64080,-1,"Trail_SL",0.0119278713917157,2025,2025-10-14 07:30:00,2025-10-14 10:00:00
64148,64169,1,"SL",-0.00004,2025,2025-10-15 04:00:00,2025-10-15 09:15:00
64194,64208,-1,"SL",-0.00004,2025,2025-10-15 15:30:00,2025-10-15 19:00:00
64231,64240,-1,"SL",-0.00613132404705281,2025,2025-10-16 01:45:00,2025-10-16 04:00:00
64251,64256,-1,"SL",-0.00004,2025,2025-10-16 06:45:00,2025-10-16 08:00:00
64271,64279,-1,"SL",-0.00004,2025,2025-10-16 11:45:00,2025-10-16 13:45:00
64279,64285,-1,"SL",-0.00850678208367004,2025,2025-10-16 13:45:00,2025-10-16 15:15:00
64290,64328,1,"SL",-0.00004,2025,2025-10-16 16:30:00,2025-10-17 03:00:00
64334,64356,-1,"SL",-0.00004,2025,2025-10-17 04:30:00,2025-10-17 10:00:00
64376,64438,1,"Trail_SL",0.0139908695936068,2025,2025-10-17 15:00:00,2025-10-20 07:30:00
64452,64473,-1,"SL",-0.00686156808001683,2025,2025-10-20 11:00:00,2025-10-20 16:15:00
64473,64529,1,"SL",-0.00004,2025,2025-10-20 16:15:00,2025-10-21 07:15:00
64530,64531,-1,"SL",-0.00004,2025,2025-10-21 07:30:00,2025-10-21 07:45:00
64566,64568,-1,"SL",-0.00996499780595543,2025,2025-10-21 16:30:00,2025-10-21 17:00:00
64572,64622,-1,"SL",-0.00004,2025,2025-10-21 18:00:00,2025-10-22 07:30:00
64654,64723,1,"TP2",0.0109991113144718,2025,2025-10-22 15:30:00,2025-10-23 09:45:00
